Sample,Group,IsQC,Batch
CTRL_01,Control,False,B1
CTRL_02,Control,False,B2
CTRL_03,Control,False,B1
CTRL_04,Control,False,B2
CTRL_05,Control,False,B1
CTRL_06,Control,False,B2
CTRL_07,Control,False,B1
CTRL_08,Control,False,B2
CTRL_09,Control,False,B1
CTRL_10,Control,False,B2
CTRL_11,Control,False,B1
CTRL_12,Control,False,B2
CTRL_13,Control,False,B1
CTRL_14,Control,False,B2
CTRL_15,Control,False,B1
CTRL_16,Control,False,B2
CTRL_17,Control,False,B1
CTRL_18,Control,False,B2
CTRL_19,Control,False,B1
CTRL_20,Control,False,B2
CTRL_21,Control,False,B1
CTRL_22,Control,False,B2
CTRL_23,Control,False,B1
CTRL_24,Control,False,B2
CTRL_25,Control,False,B1
CTRL_26,Control,False,B2
CTRL_27,Control,False,B1
CTRL_28,Control,False,B2
CTRL_29,Control,False,B1
CTRL_30,Control,False,B2
TUM_01,Tumor,False,B1
TUM_02,Tumor,False,B2
TUM_03,Tumor,False,B1
TUM_04,Tumor,False,B2
TUM_05,Tumor,False,B1
TUM_06,Tumor,False,B2
TUM_07,Tumor,False,B1
TUM_08,Tumor,False,B2
TUM_09,Tumor,False,B1
TUM_10,Tumor,False,B2
TUM_11,Tumor,False,B1
TUM_12,Tumor,False,B2
TUM_13,Tumor,False,B1
TUM_14,Tumor,False,B2
TUM_15,Tumor,False,B1
TUM_16,Tumor,False,B2
TUM_17,Tumor,False,B1
TUM_18,Tumor,False,B2
TUM_19,Tumor,False,B1
TUM_20,Tumor,False,B2
TUM_21,Tumor,False,B1
TUM_22,Tumor,False,B2
TUM_23,Tumor,False,B1
TUM_24,Tumor,False,B2
TUM_25,Tumor,False,B1
TUM_26,Tumor,False,B2
TUM_27,Tumor,False,B1
TUM_28,Tumor,False,B2
TUM_29,Tumor,False,B1
TUM_30,Tumor,False,B2
