Metabolite,CTRL_01,CTRL_02,CTRL_03,CTRL_04,CTRL_05,CTRL_06,CTRL_07,CTRL_08,CTRL_09,CTRL_10,CTRL_11,CTRL_12,CTRL_13,CTRL_14,CTRL_15,CTRL_16,CTRL_17,CTRL_18,CTRL_19,CTRL_20,CTRL_21,CTRL_22,CTRL_23,CTRL_24,CTRL_25,CTRL_26,CTRL_27,CTRL_28,CTRL_29,CTRL_30,TUM_01,TUM_02,TUM_03,TUM_04,TUM_05,TUM_06,TUM_07,TUM_08,TUM_09,TUM_10,TUM_11,TUM_12,TUM_13,TUM_14,TUM_15,TUM_16,TUM_17,TUM_18,TUM_19,TUM_20,TUM_21,TUM_22,TUM_23,TUM_24,TUM_25,TUM_26,TUM_27,TUM_28,TUM_29,TUM_30
Glucose,38992.944545735096,15335.955095191484,15512.138450807452,14867.986535654174,10543.273675243705,52971.59280053771,12416.829776265395,29408.120080296478,43224.47225090375,62444.929723305366,70903.20447585241,8628.178650187083,30921.844421548183,22282.528368106767,21813.097675615143,17679.819575056124,15216.415883096473,20750.309333616216,88329.3245887583,27534.182385483473,135302.5263797787,42977.374247558655,76906.06261660508,32784.59389978592,53442.848280137725,28222.390948944874,44748.38106462124,28675.953990250964,43077.79557781016,82407.59395609338,60032.19125964926,15567.08054987297,18865.55505978644,54535.62020109039,11137.42788165898,61131.25200547917,9007.016138568868,25526.296210348435,26088.196799956684,35204.5509739584,16713.7581116768,48835.54264979836,32102.962623061703,34368.78906648608,26743.36428671713,16899.947899170886,18229.329632828805,15510.484607255219,19081.552639430374,12487.656223416676,26730.693768430803,16325.107438760519,16191.079690735842,17181.328753948936,11342.481870313024,12775.13248516669,16095.009172944925,24245.32814172552,26685.120414478813,19325.00386161624
Glucose-6-phosphate,151437.23285415597,97022.16455108041,129558.6408299625,144652.66277391644,78408.67255485665,253048.27377551293,69599.45521574341,356862.88185117755,196296.54412559027,354845.3144343825,424727.5496029543,46258.021717368436,253554.01080152925,111835.33709647032,114676.81269309844,73180.52097517141,71657.17825396745,106500.05673819188,202587.23308662788,169353.36089575547,610300.5939612212,158578.60967828266,383663.2990212589,198150.03310220764,288375.2096430055,116595.26756067353,231037.36450822654,156178.4489321132,276676.7807681126,416106.20568856987,314483.77258776035,154572.9742283677,179902.14270380794,454097.5854729737,89665.38196391423,444435.20088911563,75747.683835986,241058.9382483756,137836.2078479672,248516.09235281846,288761.2300154385,391133.1434556834,290481.0073398853,179101.25364606644,205749.50017409984,165963.07374182896,281368.74937301455,128510.37340573886,133886.0840980706,107957.40858016015,157068.45350455368,136804.80087816378,102419.99308505372,178904.0590996206,77481.67498499056,77474.31736886427,161479.6095211295,207320.37125627004,205491.39788295407,162488.90985200662
"Fructose-1,6-bisphosphate",20381.00596699699,19877.41626070658,18050.575207289134,11476.245178043722,13870.143705279006,30811.56504340828,14135.315311900897,27274.620264057867,21411.556008480424,67355.82703104771,78307.24775998003,3258.1801548521003,19192.855908717844,24006.799525164584,13015.58963184161,9361.184471636281,11394.587710648022,12068.558114238056,52538.13268437742,20240.28884988628,75773.69021826697,30369.703463661623,31686.659223119197,28589.211833925558,29037.684624913858,20590.205350378772,27799.54104597998,25303.52894347205,30188.63167139389,50733.724159448575,82440.1133091159,21289.079465736704,46647.61724224438,53321.40701333858,10047.270706904203,84277.6513728898,11052.31793306765,55501.18843907774,22595.908177360358,26526.960750923467,18287.583398639315,52337.04743772843,39989.458129155035,42051.29908245453,45989.33792764181,44062.159023426044,45921.849684149674,25134.43843775511,17481.356482383064,11614.578431928025,25671.703332914316,17108.101628496035,25826.468687510594,29300.621607504654,7726.851301797086,7739.6098348821115,29883.70437193986,41066.90856689051,41964.92345536601,44290.08200919439
3-Phosphoglycerate,2250658.0061678677,1432492.165087285,1924031.6884199947,1459235.0037571208,883747.2308501812,4703707.969350081,1067144.5243016586,2714572.420323912,3476633.4457755326,4712575.537403187,6868093.775412697,891133.6857969309,2730863.2291713813,3287918.860909944,1316521.8597446757,1357955.2781264458,1295174.8650401388,1274707.2527372257,4633517.196538408,2293791.9133686223,6764113.001525762,3824289.921406856,4511324.689031888,3213348.3495178004,2106923.7900342587,2460685.1538344054,3943373.548685194,2578278.6226574057,4016261.5704956967,4651079.351403452,6645033.9337677155,1984271.6654109517,4369489.612204207,6105017.291573666,1353828.9411057823,9509671.565531537,1241372.048371577,3728859.0045511615,3947036.3783098147,3851897.809817386,3965335.7305224636,4725796.8633757625,5067453.461944668,2656682.4830240635,5047674.101239232,3601379.160761924,3255829.9122626786,5913449.571742268,1949304.0315289153,1555569.6914628798,3725349.741608633,2136084.9211492534,1624339.6987261635,2241050.121940378,1016507.0491798383,1412546.8271664279,3818833.544009814,3080698.235764812,3768040.955352492,3447610.4581460864
Phosphoenolpyruvate,21254.486318328796,10904.590402968555,12605.743738542582,16484.006357691047,5035.465363570626,54681.16208221959,9161.192052762693,30131.937904396706,21442.22202163647,37313.89062859545,40761.2794309894,5542.326473305293,15439.120131937862,24312.714550453777,9322.498509510719,12424.823805071754,12506.060291272186,10894.156509499688,38928.8736989653,15461.12423365235,66421.01391563607,21079.525664410623,44823.98811107083,18427.711030489998,22081.761600012203,21026.298672111912,27832.640070459263,19991.98824032933,30756.85759712112,57610.14468947399,30574.69919419658,11309.622512952805,18870.45309499291,46250.84467156595,11281.44085799289,43867.88526546084,10839.372757596002,36553.24534233111,12266.263881705296,44100.499413344805,18914.05776950456,40782.592030343905,34857.09451980821,15893.363441768448,48795.221820160485,22448.985745944265,25117.349681900636,16601.38539563106,18024.18829372107,20359.468767564184,30712.956429759055,18168.16205043063,30141.07019622886,20236.978672952995,8952.34051965207,6750.360562188683,16074.223417251667,21612.908698098807,32283.101054757524,31445.27827553405
Pyruvate,1976064.991698981,1149202.1941903767,1408220.8340461308,1578671.732748656,1078333.5744481215,5788551.507453065,1434751.349875973,3399476.190427093,5573745.821368427,4267245.481919007,5702685.626917738,1020793.2975384098,2429530.3794776183,3849947.430623562,1598157.5754482355,1224179.8781323112,1151252.9864728975,1513683.1814059068,5934225.867679894,2672305.181314245,13625837.71468739,3266331.674781607,4865394.581299357,2290262.6615479738,3409571.8448436237,3023069.2437192844,3804064.454203817,1821895.628956676,5747375.407748323,6353589.135174689,10762499.26914064,3343869.483048625,3769956.7962054373,7614101.053515766,1642017.9137895692,11119558.93726346,997783.6508052361,8182631.891888354,3916334.733311166,5961933.851922509,3209825.6550294873,7259986.278160249,3225674.066896032,3326363.477978536,7731528.919096426,3379797.406280076,6957050.495114484,2822917.9838156193,2116465.1106797718,2142914.0936503406,2773140.504570169,2510010.0003186483,4119335.8295002123,3502424.1038557594,1446044.5691455142,1559133.3210688904,3062310.3247531,5549880.921133929,6953420.929114792,5782703.433418325
Lactate,595024.5116903185,806766.9847077279,498036.5741764946,574055.6518051584,380859.20616623916,2989825.0105547253,449060.6477173595,1691024.9638233734,1464028.9565965529,3399458.9656043467,2699854.987049266,525579.0145110505,1386614.4630651928,1110719.0221433828,1196001.1707837244,542431.1479132759,937426.9360624116,1443498.4680469418,1833863.3947417364,1128189.4219484834,4283074.231763758,1451119.5908149825,1531684.8759433378,1639673.2126653204,1299950.408544015,854644.0595145358,1471945.0266426525,966192.3212424676,1981301.1160360775,3189843.4742549406,4817127.825685286,3715339.6390897203,6979484.382772867,3337998.6224482385,2428012.5845690346,3138814.414087432,2858773.7775822803,3450454.756256495,3639391.6954006627,3179992.052157568,1210845.806089607,3815412.093391195,2494321.7215424967,3822200.154392341,4626172.484338529,1766475.3647083577,2068112.3629299512,3547891.5916306465,889182.1778299996,2034659.336053511,3432846.535590045,1498986.9604457456,3205776.1466359477,615245.7599216404,2447063.0532566234,2795502.6727353362,1295315.1166160982,4850562.981158598,1429607.092471843,843900.0944043153
Citrate,107330.50062725363,92442.14433452224,184202.15860938665,137120.69838725723,145188.6294905755,478022.51589641947,122084.35926159938,188420.83138517942,120693.27028771353,139576.681690226,102325.00994566927,166590.32037640686,308310.1005448819,178354.34201562393,96836.84718740528,299276.33693386917,261487.31894755745,217678.03000072416,172008.81603923006,383255.32924694224,106660.82800976846,229643.72718004783,301945.4816962951,184496.90912178278,418547.77183711703,559775.2328592661,82530.86438115237,493490.88503473456,149277.72703823802,267386.20699376153,373148.2125980411,134604.22637173577,399393.17512564285,284031.9035416052,234143.4941010244,299382.08370002295,263114.1004445006,191326.9440516128,244464.67987598185,129624.27480517626,518567.9815931183,349782.21581931243,255803.529382919,839261.8906297208,114408.55811912585,271253.6181887391,192509.28240622077,125278.34507650627,398382.78408095206,152669.76865074257,181630.6965646358,518255.78310475126,70369.73308287794,157648.43468283425,282861.6139973642,120548.36865164836,134075.5523101153,363797.7015244847,425632.5207300512,186025.37412137815
cis-Aconitate,1141474.6993874758,821565.4490903999,2552874.1515942165,1242188.0860048519,1338638.0072572357,4465797.908142582,1696625.283957413,2277421.9878797526,2124548.634974412,1640225.6389143686,2028833.7374861178,1360565.1275963052,4289343.093780372,2369347.264497899,1465842.1948215168,3051611.022037442,1844127.477152399,3008054.289769741,1340706.0805079455,4264008.275430259,847739.3873897833,2214051.129634043,1948626.6879402557,3396297.2297898587,4374608.563281444,6192116.485756757,1600561.5460544191,5257957.268353744,2253663.252333943,2442555.638366294,2151177.401603046,1652969.3735678112,5628658.132056126,5082496.598694346,4544257.816873903,4883352.30098411,3083635.529317779,2268810.5509253386,3631973.3721580217,1142589.9133057655,4591154.984527205,2950633.4647958316,1999967.6686101744,6531588.372409555,1110451.1477258126,2774594.061838393,2948895.705290185,1371845.9504112543,6379217.975000693,3407254.950632788,1546488.5223572094,6051056.133927985,799742.4879873404,1902071.471531248,2813453.4639635505,2373745.445400229,1692965.25868866,4685481.62455793,3631009.940928509,3354218.9062429005
Isocitrate,27282.39079928832,41330.74519596159,55803.85871834906,27144.413015288315,59783.83375023102,142224.20368433167,34123.30847592018,71927.43540928778,26512.41957665504,39847.21989215466,48686.56788938,58466.54899022362,102061.8762266404,89605.49237641307,37612.684793787965,101056.51299268268,56349.61969151725,61425.170902343234,50345.098341678626,128054.34570477752,34852.06315862196,68933.54255499625,74450.713194119,47570.98933850819,108444.15261735726,129974.50334276546,26637.616578199926,229247.20575300342,50638.14932174523,71138.77154481555,66583.5581859243,71890.3855395525,132133.280781908,86169.18066544777,48616.95738155071,78817.03136651394,114567.1742958394,53677.636372900495,105975.81019045462,40066.844668858634,103251.45258219364,152406.8333142415,49495.412291985194,119393.24986023316,41376.36694208857,81048.71497052777,84381.75819529915,58517.202149186865,110265.10548333876,57828.38464843449,75699.82927627845,121850.29395206674,23856.86954126391,66225.84707379564,59366.05190059119,52612.551128160165,56561.571774505246,155461.3275321935,117923.03706254774,62225.833858973325
alpha-Ketoglutarate,1485497.6109080445,888886.3555490465,2771999.84847406,1595170.7443870879,1099787.2225510492,5368054.047447593,1871847.3107879534,2729546.290576493,2180676.5105386632,2552255.0994458357,1489295.2537050983,3810675.450682918,4854972.019904262,2745172.4003783995,1927907.1825189914,3798129.227857019,2320638.066727376,2255798.7486808095,1517110.5486599156,5415774.875788959,1149730.7343562662,3842711.565995058,4258361.0943647185,2936875.4127955777,7887806.777195816,9808025.021410434,863442.648919982,10823043.262035698,1448953.2964146873,2367271.7837197483,2018768.5245298725,2550660.203911141,5185481.680317824,3623226.324331883,3708380.056612808,6195601.865479164,3157007.9066687375,3980578.6571273715,4637369.067008522,2442227.8685058355,7292292.304698764,6411976.445469001,4442067.217060515,7662162.513807491,2655878.1982547133,3507613.6802657545,3320402.5630321163,1948199.8341457448,6073738.142226924,4457107.623283959,3439079.6304413555,11142681.805584807,1172171.4101461214,1795466.2625428021,4278493.675973841,2144231.0877492647,1878710.0155793983,11215098.602858817,5692308.119422472,3601006.937568804
Succinate,1683318.878803866,1800908.3241468389,3183415.5707407095,1357902.7933573707,2315524.0128719867,6836675.768135578,3491307.310760454,4720082.191501419,2351009.930884564,3540062.971716859,2284555.060964524,3058146.951314947,4286452.194788391,4682745.110506002,994553.0298397064,4790569.472734676,3681376.8111652657,2412758.730005601,2548379.7576640043,4644465.731400297,1231069.18186955,2976614.064921036,3464113.8037571707,3475467.448398577,7047024.18642195,6876134.753236881,1181537.9539937133,6206277.5036803,1906267.0598594104,2379196.617926438,7937115.010595176,2996993.9850956514,8344479.624289141,6117507.747062012,5457659.458116087,5024670.45323989,7504683.499793581,3395344.8309451193,7913393.974348703,3728483.3537978344,9048551.805750962,6252028.679271379,3416606.5007807715,16898415.617205855,2314150.7573082624,6361759.682725138,6393338.858708834,3285051.3483152203,7713235.388762896,5757925.447618288,3317205.774139478,17463607.126793668,1221412.4520799923,3931032.8402554486,9948214.842869997,2972981.5599374706,2752121.567753905,10130421.07808703,12911735.251210807,4057996.9797891425
Fumarate,525598.8007763239,550927.042318364,1190057.8735568253,424727.81754146947,434137.7642118315,3515961.724707781,1106026.546891822,1392291.0042085573,808065.6282811969,1180727.205112181,958898.5164882173,913643.3233343686,1556085.8882583284,1152197.03326027,704115.8224505724,1395828.8798284298,1607285.3132684915,744890.3544852689,658423.135203946,2076670.9144016793,627565.7116943427,625615.0438554374,1095936.268239187,1355804.9535493392,2571074.1842119605,2454978.781975905,486039.66055665107,3181903.1011943854,556214.0479329405,1601907.2955982876,1782081.221080223,752340.1377296203,2097447.7637129007,2015304.3218603914,1248215.489602802,1950853.3074821152,3499700.053813469,1610104.0000407998,1370631.813981958,1209988.0118183831,3513583.5521491678,3999246.9134996072,1372586.5176118505,5345285.168833029,595890.7592303334,3028331.7545186267,1519921.7938353617,1586808.799099342,3942275.4944635313,1521270.6191451107,1081530.4788992256,2897173.680916335,354544.9556577021,1295318.9374101532,2303605.717332997,872797.5105559576,1319720.5899991333,3037101.111839801,2207094.26488985,891074.0253527369
Malate,405174.83260650275,370314.3284604543,880072.7744182558,389800.78444236406,318573.53549129644,1234007.6389715238,507948.4448157557,985093.3816013895,405858.5565565617,608005.8761160611,884174.1709973571,935387.8236699697,649880.1807749271,718252.2285500441,207553.24851932973,805420.1620068639,946512.4223008013,819431.5741466671,374633.6182573963,1119072.604366817,292891.75295117666,578626.492614819,757743.8956047001,716813.807567937,2506447.8379075723,1519512.842527641,328450.6669556427,2036688.2568232012,280269.81301077903,941539.492620053,887507.481632743,601996.8680523412,1227087.2493037465,1134146.85993099,636969.0767464635,827819.228182393,1037496.8635627928,734084.7089693826,985689.6284619479,444730.0033682927,1341317.9796614826,721309.9428913464,615539.7442616419,2646758.532781802,482228.3404764952,1028123.287347986,736078.0199563241,495025.2662925552,1759488.2137397963,573320.1252322221,804472.6864442608,1440581.2828440699,271157.68444599654,699422.0755394025,866735.2467888613,375839.34533416835,461381.3154150624,2299950.0906770066,1121906.832314743,464129.59887612704
Glutamine,19389.719642740703,13843.265129087926,42230.68557676271,15067.777409633594,22710.262530323496,97259.97632745812,35744.42692642974,54235.27646176301,23323.669878895467,25635.865140856604,25234.81720665703,64504.156832041364,60306.3347679922,29217.335543015237,14656.056662986211,62996.853739497834,26560.84616535845,58045.731014072335,29107.23936361679,65377.37325722936,10884.001031596374,29838.200979348843,27988.88771158517,26861.080949970536,102488.55247213028,79497.15028523018,16586.446865650523,115217.2926178323,16622.990284222124,42685.03846494134,7138.648205658718,33157.28794828819,9700.893602052356,19296.705104537647,93619.18511567799,43461.43469555221,38246.505168679025,66601.31346729869,11998.971873594259,5196.083313703571,45227.43505615256,21529.468335345617,26404.9931304327,87537.04122349067,3655.800172261589,48781.63959473168,15136.93275773993,33528.05047735554,33428.328536869514,41098.20730427461,27291.506548605223,38239.75450834844,12175.090570805869,36730.80133850016,19092.37591328313,49568.15691314294,28892.358966269476,14794.956738438135,39119.55801043169,20717.70100915
Glutamate,321384.87925477047,339191.855041155,397534.57955767174,195367.90492316228,281255.0351031738,1508427.136365637,323061.6160685317,494723.5699003695,291601.70679072605,507758.5142071627,363232.8853229349,833171.1185770729,695592.8521288559,616697.8228522474,167582.55801025522,968761.973428401,640552.2563118294,496490.2005686085,376018.2656409072,833147.2751332906,292007.8268638625,423803.90325502335,500623.86804628384,498443.63912342855,970198.8071018266,1200163.7579679,336408.8707448913,1349756.6856041327,243964.84404209556,593643.7722156497,207287.2526189548,1405887.3946451365,337867.80508415744,382640.53679529805,1726634.735405469,2858406.9374596034,1004712.5398755522,2941926.390905881,624868.6282863592,224929.29444920333,1124642.8836696942,618125.9799205242,1031854.9705945092,2234344.774262136,299752.98627616017,1872882.1682425735,514470.4672776159,1037384.5497330308,636113.0608813999,643383.1533458142,794021.4922326857,1011799.6307693351,361299.26865541737,886072.1399041206,667428.236598847,2441157.6542639458,1124110.1003476325,348090.33230637386,651550.6745308144,742423.3986909617
Aspartate,683529.4893814403,754601.525986613,1548386.3266892205,777244.3925462479,1098170.7232831253,4729779.097286262,980915.7260909085,1605690.2961159034,1154127.4541848653,1741837.0221848367,1059777.7161098241,1185386.924611256,2136369.174573016,2170020.590318718,675341.5058867973,2598963.6542901103,1643006.6799773127,1012057.7405701467,587289.2212628771,3835423.312189485,656316.8800867444,1192938.8504156221,2397299.141276828,1505207.7956134663,3879168.497528661,3673396.3960713786,933811.1882563628,5461059.474250679,621965.8558038544,1750869.477915855,305818.23990980606,2577592.6980509427,789477.998234393,736194.0736120021,4492362.217969541,5934803.106521912,2108356.686038771,6363169.788397539,778555.3046898486,530075.0339982853,2155815.1633840455,859185.2851348714,2170217.6327482127,4305883.179088178,466230.6617708376,2636528.798689363,1004704.3040969493,2278882.754718479,1308393.1071440533,1621114.2852741322,1781633.8841592874,2335151.678115097,843892.9196892445,1502336.6657769752,1645295.0225092384,5115035.656667021,2322939.5943071856,857625.4375653268,2260174.928255179,1314530.2241554717
Asparagine,3539647.8621515804,2295495.832717506,2817023.0209405455,6065733.872561065,6278310.121361764,2067452.453657754,6081252.2400364345,3093991.9872095897,1381764.6862172661,2114735.580847113,3034008.148875994,9146888.571442984,3437551.1944599026,2137744.670325455,6645214.878150468,2598977.113033148,2236479.1001849226,2292967.472610146,3531908.232226788,1456703.1513619218,4161197.8385837157,4759386.517576637,2801331.612480951,6507039.452307306,6638803.972828323,4817416.941029048,2811234.3790506762,1726466.3983086878,4048981.715117064,4189566.404425273,3580823.3097656323,3679138.440374814,3023979.4349403596,1818173.5049246498,4739750.483537712,3193906.8945662347,5971557.201093146,2741330.901093544,2393689.862282305,4530906.559753417,2827593.4674452567,5888590.745710212,3532356.093622732,2726522.275988609,2475447.7517982847,8690301.765088914,1819815.057860181,7950466.598858375,4963031.63438006,1297011.5225072047,3564589.924871161,7567330.787486984,2823751.1070720972,5051121.066834317,1233368.7270894353,2504765.2018941008,3057170.001788466,5225554.7125078505,2793296.3346510236,2280691.300196707
Proline,1955658.1933629103,777995.4043617403,874169.6499403205,2539480.5104781915,3956748.897006893,1040954.2909176613,2835318.5087436074,1660175.4871394646,978543.2531677069,759670.6412009184,1260899.6469566775,4034844.88225738,2504060.763801959,1374816.587317979,3149760.5506667425,2407521.708201813,2103603.9600183554,1006751.5938996153,2046024.1036183834,885903.9245099232,2834625.635258252,4020324.797325853,2397978.9795574434,2804369.5831911108,4164856.7874545376,1914278.1267454727,1580489.0972778252,679163.1067925569,3714250.7442712276,2565075.97259796,3150349.646397951,2038437.5126665097,1948863.9252607014,1291526.5474804253,2764819.755821401,3231007.0045255735,4060678.4361763517,1929322.4311626232,2064912.9301243783,5457729.731998154,3389861.9930628706,3313527.068642608,2658091.1741640284,2243693.69873632,2401186.4476693706,5644166.04735735,856013.3093910336,4445974.6175879855,5299600.189009658,1093667.341100277,1769041.4603889459,5976978.22336338,2183287.1862633605,2533242.289173017,1619530.2935394105,1979578.9049811214,3718242.300125957,3040084.538322187,3117288.302410743,2513165.893627526
Tryptophan,69754.78271561496,18874.134786804432,49354.36386414847,88413.0625316204,47706.61755597213,49258.36934763714,56637.278152142404,42252.87566443295,54853.79202895327,58819.612417181794,41535.56141089443,41680.61413093086,47866.91927045371,49207.31068038715,37565.66985452022,83318.04858596224,31247.143587542454,108483.77700758982,81654.98295486528,13102.469946180157,31182.198220165676,50630.54239844223,51647.12180329102,31742.779048616827,122841.94068565402,25728.684584264112,56453.41795144119,37556.2422053034,68554.01280421106,43760.12927012771,21730.092166612143,23246.763636132047,15668.318573546456,47327.04122820443,16709.479987723484,41554.36335686835,15430.211963077962,27284.149968568916,13199.820546922732,21815.224930501605,32836.6266694283,23695.21537080138,19470.595087507165,12025.806731842807,17647.15402941788,35881.14912905548,51058.94607547112,34097.29023913027,53495.07371181796,30230.805966425265,34241.576210933585,22028.978101327673,21672.787729976404,102408.96109919273,22852.839474169657,16892.423316044635,52847.01890281195,26907.474913486436,55257.05924950057,64403.5064499481
Kynurenine,3260468.2279646504,2572000.921265645,2893675.0464226003,4613924.447793675,1580791.3708792957,2752141.5080759786,2420735.497344051,2040892.1077666613,2687048.8919195035,3828712.830126368,2968950.0780831072,1597881.083462636,1554908.5814939723,2814498.94877518,4739350.078716312,4091316.826736803,1788976.971732358,5801903.327345306,4328844.661986805,681687.4757456003,1667434.5934870045,3375192.7166796313,3332133.4573369315,1850319.3603867986,5325052.4292143965,882044.0890705518,3465952.917605773,2454763.0705382614,2650744.923726382,2570120.900590881,9944543.1473354,9176890.155771889,17987911.840854652,6360215.334372055,8619654.042849477,8105645.40409689,10322436.18171515,12140229.08917026,9744612.791242147,16515986.636847518,4315579.476067085,9972744.394360015,7913661.114783028,6899453.435024234,12076800.959580967,7897794.646493875,4274449.461207894,8968943.70824279,2137228.768657259,5960198.461825284,9928645.95440319,10910262.261714635,13248582.53120215,3220442.8336031106,17061157.60701433,8448977.65020724,3764746.3908183007,12807717.80509884,3915453.2366670854,3110547.1654974846
Kynurenic acid,59572.700073971464,32698.2572020213,62125.01987075183,77640.1928769642,35594.261173056875,56738.68590328313,39766.70273061645,45158.53819004695,51142.09629021901,94957.56621592159,56226.63764328318,49787.20638931321,38131.96292178857,76896.47448265666,55186.40127744159,80432.11642287858,26966.600616781467,62530.48848980846,62568.34903136071,23048.15935323403,23205.895871958026,44649.22950699064,64291.91393692326,29534.18060054509,124210.32944306031,29264.608335179604,99589.93883332136,42697.51770698027,78089.58369568478,37944.864348910596,182185.77484498432,155030.11395247665,402798.0649247577,121944.35519271028,195125.66584285608,137383.25653242777,161267.3824026402,159806.71575252956,192108.0418682061,135036.38694561023,66401.14414858622,182264.89578829418,103207.78284296105,170276.51181972798,100653.13755161245,199177.649015658,77442.41550771092,168632.79965816115,91971.98875894316,145079.33486591373,102606.38298539037,86855.48020648726,156706.7450800981,40853.11522249123,136222.72423001105,142271.0987811355,59312.94195174571,231397.17542265687,85876.77765502839,40062.60429181151
3-Hydroxykynurenine,458963.5364157128,274355.7260523814,461915.4925702278,941113.756940241,206670.08282804512,316824.150997564,541818.7723960027,295696.9653243186,358526.9333636126,723606.8465418929,564898.6710557063,243090.1876420974,139241.63037701417,563343.7670321927,411075.3692727516,426975.9721343579,258128.89742090463,613355.908139605,432915.01145354524,135299.7403604866,195425.35869858757,408011.8660380381,650143.5351979973,269559.46847609454,644810.9577485607,274904.82184424525,536172.1869662901,281448.66451045114,499294.77245619625,346591.3791228555,603111.0741057711,689300.1184100356,1416567.6857094364,629674.0737751466,1143712.5798474983,841502.1672155925,725240.9917314848,828052.467879303,891648.9124905933,924865.0559311531,462259.39888685715,1112376.1220774832,503134.4992590146,787841.3286145758,1120565.1022160444,522282.2734580307,552465.2310747752,988203.9293861862,298385.02777474606,642338.1242778252,637281.6234387493,736859.2168844566,2020985.0154281424,306892.5295272244,941598.170817154,1217622.8233816212,321962.62136625126,1858603.524637403,251533.5883730463,291320.1288477917
Quinolinate,74290.68943263286,38034.28868068924,101580.80444441298,162705.6180981329,47386.682897948,54908.99651794763,50503.32644337273,50639.41297062206,49802.356448248036,134604.40848130742,57210.01439213804,59018.34896820205,67491.58148161312,52085.44349700821,62694.940323197916,86201.92002026708,66933.81853407412,107713.69238665639,130707.0234304308,26539.680411490728,27499.85465164197,50003.04160846545,75201.1747774122,50557.0663813771,160068.85738876014,15845.029789868458,99334.36756405173,51746.41123193535,63898.726475677366,60588.06516745307,156552.62408330716,266625.3770384307,247559.5829174493,172532.1946388231,161439.3194616503,134818.2264243718,203976.52994578244,189303.00805420164,359370.5398600589,178015.42453876123,89457.41785649062,301479.5004049503,244175.5129408141,245930.0799138148,279437.6887471951,111860.70030521814,92690.33431432367,277850.7343700912,59175.554079666355,173478.41641136003,249382.5144164456,134473.59505056424,264839.3012073693,51548.856215074455,151667.5169906541,190301.9077096751,114972.0225110955,426527.3086148953,89439.82099092982,49381.553346464876
Serotonin,4180068.6728709103,872297.7959524405,2479303.892222814,1631869.2891406943,2586597.421956394,1579289.230018162,2112300.9202917516,1521966.0347600973,2167195.5891683223,3275195.095851158,3060640.0534604937,2103371.0932392934,1461659.7818780506,2383934.8785497905,2308177.7199555947,1801417.5769064098,1376649.2168453252,5128135.641792525,2554835.1835647994,470946.3915780657,874691.5697168842,2881957.021855513,2002321.521504207,1376671.3088017134,3001067.3895973824,943986.4056207921,2127366.4670677423,1343403.9666946146,1909161.595099794,965369.3656022815,1747527.0611100213,2524847.4944907194,4280216.917577916,1136172.0770396239,1964064.655018522,4491064.732340369,1787853.0864707152,2224636.17629893,2327199.356184551,2413678.0383127443,2043110.1954774412,2581912.367836207,1482670.66629292,1543580.1669758805,1413605.1443224268,2732321.593402089,877056.6569185657,1870833.0974536105,1129965.313190069,3521063.378199556,3898545.4090463025,1739821.0537188884,3065065.8752338346,2182727.733559509,715455.6785127149,2509146.896833529,2284073.717820073,1222758.5625227683,2710399.267011926,2097339.7012784528
Acetylcarnitine,105223.1930824764,143741.59389737019,339965.17584868486,282475.54313957505,166758.88751852693,328673.5937474277,473274.04032107367,154585.55194179964,118563.59416488417,187670.05539369298,493736.8503419522,327457.4433384782,145887.82995108052,298585.9784568602,98819.29521153875,163006.19672388703,189888.70976942466,129213.50786373523,239037.1120248164,244202.9494991255,195740.3018772839,162101.14497889613,103376.53466651637,173596.9158756969,499762.7223177335,354802.05638572725,109328.42418047316,293534.56203001377,155914.72695844818,294497.00254513696,319092.2638117809,200764.96129007894,277625.07683385303,116031.70881122159,77266.66551646435,133253.41695325015,114610.67394475012,146866.3458453689,170705.97988201422,40167.89020879459,94245.8429348962,117909.46752926888,61706.96976452571,509903.2626773666,38370.99413871695,110812.21547194236,85487.83034446962,151827.2860651901,234879.0497220035,218426.6183442096,142439.9296386292,181362.71280314718,94390.83991543746,675623.7209706032,252585.29161575175,137404.2912764678,156581.67150439555,353562.6395077039,159268.32669739798,116355.42829313946
Propionylcarnitine,18261.2694791671,26440.870574036297,93585.85766104197,20556.261237375125,44667.132169343444,78283.39884497036,43452.21991966706,21872.577839638125,29392.918118543454,57892.64259474207,50818.258704595064,71899.15019941545,15137.362505766965,69114.25472801775,28124.11322377077,38056.49658586073,56256.18219586733,25995.80718266097,53976.08243877247,82324.24105832342,72072.95981563938,29182.931708961667,18099.681604174817,53199.91889398619,134525.09223091727,57558.49200052164,22496.802501615162,50758.01337523156,32353.01817701529,88817.28548957792,59259.671039107154,33564.94287164091,46181.84364897015,29371.80796245987,17028.546089147072,17884.800017674046,28511.847182335547,37571.362350773714,43134.13759010827,23444.951638842085,19051.568044030646,22790.654028570767,24889.333867997186,119843.08923721536,7483.404309202565,23319.271821166094,30195.71294886948,28014.836083016464,81895.5765714601,89239.08359401848,30585.854359661957,31616.676173645305,23806.254521839128,210838.47395755275,80012.23994697518,35892.26252812199,34085.559080352454,120835.38952390788,41378.515813359365,38400.91174382449
Butyrylcarnitine,9881.655656825114,18221.490763691803,70776.41091837439,29869.05566957474,12191.86244611888,22891.2279526398,45577.934124829546,18696.040725603318,34422.211891478706,29102.97868500785,49629.234103802446,29162.79040296222,13025.053121042058,41293.45950965088,18548.923076242238,27301.95748438446,35136.968929244504,22345.34840125863,40708.88047716913,67298.2990175541,26043.225420599043,27555.737892421024,11377.022019112983,34321.26546784131,103355.06869329874,58722.08310605081,16869.434234440967,43663.41522014566,12949.518836522839,52057.92069324037,26134.423540450105,35821.05630025428,20659.16381534142,8459.743035131516,15118.019782590198,18825.418092709457,25241.903211217563,25395.106593601304,20352.403800692697,6805.536097354095,19972.18693614763,19650.50934474053,8992.624933108977,41530.43621451963,4566.540141787896,12583.63975677889,11980.072410998935,24805.037121462017,57580.718535080065,35743.7978707323,15758.690203932516,22057.521097874916,21600.916384629305,59497.949269574434,22817.010269568,29238.911408848435,28409.0570316732,43315.26808714296,18418.3486389065,12627.488428174402
Octanoylcarnitine,90161.53256850326,93285.01273093521,351763.6323064245,220187.18435045477,92446.19574745388,422662.170717116,442393.80422239675,180453.19818477568,173805.7712360885,235952.51773350994,587853.1393383645,359378.92106588185,178305.43112744376,353733.61829517735,157603.89390866208,434071.6821079226,116960.13881909763,285262.4777481786,265813.8886308188,380462.9597819815,252785.02350551917,290791.3558347937,102046.27629443609,337260.82153760036,602269.9938931027,556368.7265857429,81986.52951320236,418143.57118123496,294608.15492391726,508141.2091037034,228759.7975627841,230585.3222759188,145354.89322733262,76539.49838048728,116510.20717916593,112357.62157723152,122371.03453895303,184869.4673555833,284121.7225622096,53642.19191999606,117551.50678121526,152327.10627925437,69972.22932989891,469260.38020260126,39259.825174773694,85457.64415586654,91917.83058981925,140150.3002475731,272338.943714691,188317.12069324212,193545.4849831916,134151.66949524445,115959.10610776753,571573.5735726573,284953.69610571966,154611.75845210528,167266.16673442384,309187.928645301,128930.9319842812,149066.45510325808
Palmitoylcarnitine,100114.17243130076,132852.45060515482,441280.63924689085,221597.81634354396,109046.88808848943,246979.5090112147,344776.76816533774,136377.33470259115,203429.29230825033,168044.4948096247,352588.7408736468,410882.77618693584,90857.64586886602,343568.0994384883,139102.5903617579,202268.07319365774,189209.89237974546,153429.54298904922,241523.70715065813,390127.1824974756,253517.12140650718,139071.0661503144,117640.0986887511,347304.270842179,567476.9717400754,291092.2292520388,118904.0337710865,426348.1689741316,197158.71988044874,380513.106802314,97125.74361125383,80554.505770588,88944.21266531196,71304.7755283524,41661.42181166919,55614.8787679801,51358.56896617286,73013.2368612759,142122.7916888843,36228.648174415306,76455.47010898397,72065.17293355102,52708.94947600303,194054.7393616482,23941.67334526209,69453.48661411805,74860.0798808551,135615.86886663796,233905.97198791732,160827.95600942385,39253.36776948468,109252.68194895667,78302.7044015583,628423.4231984761,172084.58418332943,87870.8918863957,84485.38251646962,193851.03306928556,77816.02492174669,63711.120206820175
Oleoylcarnitine,66685.94331209386,96210.69060113636,345464.06141555647,140998.19310071334,87158.19331950093,107983.16133365028,173736.2577661162,105275.45820602283,139485.95405008591,125594.5242520082,158734.8543203554,210570.4162765577,80428.07445309049,184303.8810988192,68595.46910865397,137561.54251703518,128956.91136926741,91229.24222388607,139805.74560713684,263470.02904209256,152321.576640937,122586.28787918208,53953.49059904551,109374.17269916736,346609.96657466376,165809.5396945128,62248.54168516634,219107.99082834698,118506.53189483755,244118.50928086782,99422.1799669339,54264.64218021917,80854.91945815527,43148.27186757236,50408.81076277389,22687.975351594625,39437.326416845055,79301.85196065283,104826.4292736184,22644.58542997566,47779.32149964736,61003.51124601317,38217.89904274699,150343.37587054571,12858.293556366594,36915.990806287686,48614.27546506834,47972.22317539748,137245.02238718333,147956.24118026264,58278.6523370875,84947.48576840722,39193.41992193881,187270.2498954118,87516.7010001942,59317.95436615266,49524.109420062785,123937.03565188384,53238.887723137006,40671.09390009898
Serine,2100669.1937756035,569743.3172584266,188404.91316184262,1190611.2227808386,602290.0030219749,139917.1386674569,404846.90587754926,875399.3369085441,776932.4892130432,229956.725291576,290273.7183377187,111518.99453844555,581046.7758353931,1078941.184423105,575806.7114759779,522315.0974249804,694773.8473371248,529527.5503651159,483207.19904629263,587171.8069740433,562976.8610181039,248568.5371650766,411013.90625025146,132504.4891556306,859923.9600540288,581378.1561168891,793094.2625279314,358601.63207545073,411998.7179583339,275513.1241749776,927323.3187041086,527143.8556178226,862012.2058219634,527374.458874257,325933.6487120834,737251.2578906479,500213.91815456626,316533.61002676195,604159.803890862,1582534.973949579,823683.0600787334,288468.0341536605,338743.8947025999,1066135.9112067244,1029382.9696082394,683962.0505720366,373050.0127883896,1318280.7681881594,757381.8500048112,1054948.1006309746,672769.3488169652,520019.25906982186,371925.5169567341,317014.66293807863,427921.4987913721,367652.3076717023,409134.3982436234,641150.6102470484,623078.2520719557,797473.5952012761
Glycine,554350.1744963477,371224.30884071346,115206.88848292961,368381.90181444015,198270.20350795408,98979.16569496079,256905.1330153941,240406.17339712646,198644.57071685215,65778.25388356083,295538.1701851508,63431.64522705081,314154.3547236385,613364.0056285644,180280.96098287913,348130.63683172886,247993.04901053748,135019.8191344118,206007.5400763419,237008.33829688473,196704.56210726255,125938.29547218759,164236.81358393378,66522.98026979611,265738.0751164867,252016.38999948828,242418.25951395658,134449.50886938284,240833.7057027252,187911.1389179543,218860.69900919273,174722.76012687956,298579.7985313204,158845.8903296317,98725.85968564152,208191.23480660398,169404.3910465596,153239.1923692582,194586.8711834398,974180.2017597661,296734.5883598853,79221.4320617545,145061.3002639997,692048.7741179565,223982.2324809373,152452.91405436612,185144.4364906716,283250.0812546172,180765.59785136825,358943.83415840135,200775.5400807716,156414.9043868157,150305.51765857637,139542.74855002397,233061.5582773413,157285.12571324402,153634.08711745328,162492.07537984758,116109.99613445021,176114.3757791366
Methionine,347548.2612213727,101649.22365909563,24082.005945473753,198068.3079399992,84563.75928057006,44684.97990400662,84370.48659040718,97506.57292072177,129022.69848858858,39629.60871229754,68505.7198251128,41848.39138032533,124083.37257272551,199972.45317969436,73222.85816745232,143701.41865451922,70692.91094290881,63315.484798675854,55575.9280236178,92892.58312897975,129934.57401040132,62229.51240003382,76652.42055203748,29017.910765585246,114886.77944359559,106706.74820905045,129806.85601862124,81328.60149096827,63341.00081818563,41232.66023187589,82182.43081140703,98103.32298714203,83485.03275135964,46019.55766897753,38317.488073227105,74869.31189108356,51046.17449572131,40022.901645716345,68623.47488612591,240084.8604796008,96401.70731288963,40311.870090690965,36208.87221522559,125547.26854960683,169183.6305712731,40159.91473396767,71493.84395875175,88213.387285818,45518.751629072736,107382.87431293557,161503.70866532842,39016.45060459382,75645.29841518262,28985.575686100976,78467.11918404352,45273.49918929842,46244.5122987454,89978.30669714216,51817.2629171262,108417.00276065714
S-Adenosylmethionine,849472.7043144723,238467.8048381741,70304.21639086066,354426.6112240196,279561.4940108813,112932.54272199461,285469.0401350462,404230.62251896714,210901.8311175583,71466.76388356501,257273.98830565845,87811.83571220291,467668.44611955754,680714.3998274889,181609.12865750073,443398.20197890216,215276.98953622262,201903.2192063215,239208.78927791925,228299.76948252073,165718.68556850578,139882.2281191282,113790.06151062531,103874.70711112877,327612.7216719591,427660.12942218996,183278.74889195221,181076.79123833004,171046.3848515843,155325.44931046138,346174.1701880391,259681.75153545398,288782.3657536789,255935.65963722274,118290.18803023832,263494.2881683206,193790.7132891138,196873.77515170648,235707.73786563182,757474.3454171272,252552.16159020332,110642.47557964275,123688.20390429448,399323.989194625,356470.91917297064,166085.9167193962,270815.8694291447,148694.35457879663,200258.97138305817,391345.43738290376,288791.09026593436,154899.95957322483,162597.70385402217,97099.60484222557,320758.6844535053,199942.59142724512,174671.4908240206,166161.54269549862,205352.1142608088,211846.73758591418
S-Adenosylhomocysteine,346061.50600648666,96457.10924819672,25470.03594787303,100252.75552005418,91201.42622079105,48931.5686438606,85541.41388275496,96088.93833642232,115519.51287041022,44419.397927157785,73328.42809393506,27839.873883288783,115337.03181498541,289849.43481122376,59111.58752181299,111952.7092123987,75872.22651275201,87707.22519103676,62835.4675731502,68243.81659613024,70648.13082796375,24455.947049762017,46665.811126352346,23985.957306430017,111449.86722730755,133549.621304081,69132.77804266285,94631.88414253932,44210.82696504477,45695.83306553844,151058.19588023252,124896.58472372779,118451.11696383767,76267.85460975624,36483.09580915205,103558.82551822466,111361.33403991561,49237.53936432324,113359.264940334,168802.52219126187,142045.14414484648,59236.216103132414,48736.4103062387,251069.98187269428,131526.9853137134,62735.450616876326,63229.81647384531,55232.5596695212,72241.22054671742,127211.9933478952,89027.41526851195,55896.50710587134,67959.02687082063,54113.99047861303,118735.91537308934,98142.45198949003,56640.594968133206,120507.5463378179,58585.91538304269,132893.10359302693
Hypoxanthine,456944.12194599054,699619.6473173925,612257.3873963123,1245364.8496720425,663962.533905021,509211.9804957835,955447.974501717,468388.02014679275,821578.8418911535,917824.5487517302,1219006.5080197433,953229.9782699604,579252.4310313754,502690.04666399315,789322.7747025165,411170.3485440956,320698.7193452781,502626.08943503257,585304.2771214223,494194.9893518271,852556.1177244264,823142.0550068147,207250.39454801552,350718.7402758753,369129.311460741,940766.3018075317,986798.4542140589,132207.40365722435,969709.4059797834,751213.2316025886,1092995.5785373922,1229586.8278323165,994344.0587660838,898397.6307331024,33283642.390687104,1385269.9659988869,1652868.5822694474,2091013.1597727516,1596431.2682858496,791958.4767871429,1091370.366400313,548179.8039003821,2183580.421736999,1070382.4621635794,1069927.0265842848,405221.0586249576,698400.251243914,177716785.74258813,432674.6986497459,230267.840396094,1489847.8663928846,1617550.3865225394,2455609.9719182327,839961.2464677155,627417.3941307005,48765248.52120231,756450.2838399148,920552.1223264746,668646.7780524928,1604280.490968232
Xanthine,2846540.1609598687,2663026.733163863,4821913.783059034,6785211.993232541,4326581.579553554,2312898.722556597,3885161.820015891,3165714.544752369,6246798.361750628,6132016.159105173,7339450.134877943,4933046.338266553,3893890.836765323,3415215.595959601,4221396.684489084,2543733.6957851565,1750156.8171388526,4512833.094924422,6527660.603878055,2865658.921634826,4462633.8515294865,4878214.490112464,931916.7917241337,1307290.793400981,1595989.584555453,7182627.253394524,12023055.075966861,737277.5385173305,4639267.625323683,4094313.5480120364,3710154.9400886656,4457558.776589559,3649267.8420887445,6938461.049802864,5881406.058884332,4335308.704180743,7093145.3093272615,8409739.081362605,7610526.952609106,4390643.517712232,5889316.050457153,2986530.3247339674,7523996.493355553,7949873.975752271,7849246.50283254,2042922.743814642,2944736.0746865347,18685632.60103434,2841468.945369991,1506812.3199764024,6109703.084088322,8951632.219830984,8564983.972612746,4437424.624382604,3384942.812619741,6127125.454563072,3525869.6368999346,3129260.0132639767,3604950.5483571594,8461014.53467209
Inosine,186946.52627886264,388716.665507072,460417.687663739,253131.72747318435,427837.9658245643,186050.7861866272,379608.4773956777,148341.98585443594,495730.5521487304,443178.08080403024,257734.99536338446,335797.07776193257,320659.0621360122,326082.85507328564,317631.50727664627,326775.95126458345,150180.9878965145,296603.5566784148,340827.9699195241,177613.78050173406,245009.88400984363,228858.40662207155,140204.5879390098,133333.47931639804,131002.68880477207,382046.77480627055,458430.0324836693,74042.44105958926,373269.90297542367,158305.81170964436,556813.6814423592,356873.9236781726,424494.1409135412,250611.5259708891,379145.86935847247,366273.54249421816,841641.1096594766,585266.824477862,425656.14410057594,597869.8514017443,293698.94297835696,205494.9849673843,494525.1614639129,511689.8470464554,609444.8712309895,166518.9316810793,140503.88582650514,1422806.9919034317,140367.049467657,157593.10273169004,467096.91567408986,408434.1035369148,765209.7998501713,548298.9047148764,281969.9320374849,498762.56162123417,219907.7828240306,224532.1560149284,247801.32131757616,410078.58551342547
Glutathione (GSH),1786427.902664889,2805684.500214541,1313353.9001795568,1642497.7377177381,1736020.505678186,1714554.327011227,2266397.5482399715,1914263.5244496223,2213806.027207994,6839773.56470986,2432866.3008817825,1415291.3313875208,1609324.2463224812,4387622.793879056,1792758.1656062007,2165022.5523486803,1179289.853804642,2088421.3694017457,996463.3870153748,1615360.5188736583,3103493.88932494,7495423.138414324,2605199.3969546966,4473387.144656443,651829.5562130823,1056783.0507164951,1043224.1925645389,3752787.600677233,3347118.090516173,1182461.511128492,2685392.2403386487,7315761.900471235,3054482.9899178236,895527.633092946,3489134.226980372,854293.6771331658,1862806.7380022611,8395434.904089848,2921411.3837795127,1471346.3537436132,2010010.3321374983,2677449.304994561,1595837.0498223905,1351028.1286999462,1123837.9798999631,1296199.2158628828,1701287.9405296526,1668407.0509464496,1666914.4636885964,1392423.6251595523,1999971.884579615,2327677.2418029755,1152818.7860070232,1580581.24193835,3021738.2816681727,1958561.263420939,1620006.9102276599,3054787.4629402934,3052223.907893243,1851486.809209014
Glutathione disulfide (GSSG),257099.37252204012,409264.8758855483,174637.80520710995,225634.11597631662,146995.62098096023,295771.29632232693,239741.535473771,202955.26030747354,338568.12288437906,778975.4800575572,263822.056012599,143409.79084895723,217076.0799216673,549467.5381643487,146852.20890529093,234428.42911574876,127649.50145781931,294872.77687212767,159789.39580390244,232491.32045172408,223518.21516284585,796408.1604513442,448937.48550625227,431455.65453146433,89969.25795764837,163597.53947122925,223998.34107168514,647552.9189275003,300326.0165950366,228631.29058055996,611301.4405182292,1553283.4255408773,696149.4758081909,216285.33746027117,468427.05932050355,206312.02381262183,377800.82807409286,936916.2857446626,894743.3296804368,280404.90093921317,545686.6673443347,759081.3435711383,215567.55590571085,291976.4983842907,351271.19125800946,258244.23765907998,405098.73939710046,367455.65707024944,419445.39179952967,455385.0246909295,485381.4941634547,507200.96537544916,265336.8865283614,418580.89386070636,1094099.1361983034,284639.90315459436,266678.6113664153,692471.515160863,750708.0024828413,334624.64046505676
Cysteine,98142.25927448853,212919.95269978914,99201.05652671604,167979.58274927072,172608.3458097137,140659.000647442,136121.5567802624,115581.68111816942,137555.34135311638,436295.44509424374,208884.71143635781,74290.8985502153,108022.19482477481,299491.2910474137,122758.04487682512,178588.2376688322,59610.969085806035,165435.91172113337,92763.00299868705,131095.52334501076,234791.50806378378,439916.38588994736,294613.22147724807,217954.56692605081,45169.6352515746,143239.46942493113,151108.5437771135,208564.52299053493,182111.1716540411,160767.15122169675,200454.35885210455,583130.9456392649,248069.42668496325,90185.88755933766,303456.2734029374,70182.42256041935,124728.69657556362,924916.2011266191,382265.8806983032,122807.68964465076,196558.61498314614,207968.3522480485,82534.46753533273,102922.23396685995,119761.11210085366,95055.99484982943,100541.13414425982,205353.78777776376,153081.68382996434,230580.6522088603,201705.95962395487,147752.72116513425,185838.39939841698,151019.32615050455,415266.84533676034,93335.4041241731,122913.4721801358,296901.8703948643,438835.27058860654,87726.1242261342
Taurine,33715.64648812484,36513.62540199783,37385.47283202158,52022.44883093789,69048.75189798794,30355.98790072552,46497.19625624069,30310.621465746513,36421.081330019646,39160.25901638088,30509.83566988753,34612.53885163271,26371.26280905709,34038.888854908924,31443.446860889384,39650.02286878451,26866.107641548508,41444.66962220303,27570.28300097263,34912.70313902287,48637.08112516242,42505.92242023955,29300.697681911908,51938.92251289033,65211.18442631092,112863.86518377438,40234.11136939698,33148.635461593505,20807.33088464014,56781.06644267944,18257.342130181205,59363.756649237286,76979.83869086983,77691.67921937729,663116.9289033484,24853.088104463106,34443.39273037102,61483.587681441735,44334.77970862577,16600.573600578395,18624.86533568588,40729.70430284947,34156.359502664935,52872.06848173281,46012.439424729426,49355.43515238648,51318.33098760181,1112116.5540737044,19159.463012364162,39133.89100199424,89842.21100489283,32700.53753384531,13262.301925286214,35204.72506972536,11121.185392003543,1642599.8557167037,20772.741262841653,17455.072202834464,30894.232735854835,33931.54354487358
