Metabolite,Control_1,Control_2,Control_3,Control_4,Control_5,Control_6,Mild_1,Mild_2,Mild_3,Mild_4,Mild_5,Mild_6,Moderate_1,Moderate_2,Moderate_3,Moderate_4,Moderate_5,Moderate_6,Severe_1,Severe_2,Severe_3,Severe_4,Severe_5,Severe_6,QC_1,QC_2,QC_3,QC_4,QC_5,QC_6
Adenylsuccinic acid,138568.58773785993,171646.51522603602,0.0,136127.14788973003,132630.66099665614,160786.86444095732,174875.02553138242,135494.44025201426,133447.24454008686,164673.73389507335,229648.95127495105,146142.25998443816,140602.96837741777,131080.41610093933,178438.68783815458,144075.59816739077,0.0,119472.11658056732,121441.116731834,137001.4069502862,145874.51146630268,163729.4523181722,125735.18091294152,159245.4502754469,117851.61838148812,158950.96705779372,148035.96469341475,155773.00963522354,118183.19509635576,130605.91003045069
Biotin amide,11482.527982899186,14601.8346239208,12476.24313527937,13613.936789122316,12456.61923498523,13913.403424237931,11845.155630742556,14958.204883954944,12523.625421952,11656.731372116885,14480.223944002226,14331.013787696213,11716.44710505462,14338.668346990176,10630.527800236345,13507.613684436668,9605.78323427598,13648.580785899536,10373.477859681509,12607.594575371975,12870.535100501877,12022.172277295826,9413.48806690388,11062.4543556484,11555.37134627474,12584.139364152328,11246.4622972498,10969.006875776737,14181.712921594066,11502.745869752704
Phosphoenolpyruvic acid,3020.5586999343004,1858.7540254593573,2232.2782101574453,2504.1060416253868,2378.721239581589,2418.836146986735,3070.286296088253,3448.607564260746,2839.126739104921,2486.334490646889,2267.5181243571647,2461.459665807831,3892.2903962238606,2660.482637666088,2598.299217781112,0.0,3625.948928538796,2794.4708918138417,3751.876687492646,2846.104763380172,2586.113124679692,2655.265508979627,2639.8035780697865,0.0,2275.257686007883,2920.7973705685818,3105.426292413544,2778.25437719903,2453.7707807688025,3011.0878614033813
Thioguanine,9931.325043705718,9321.206197309026,10970.250368594943,12093.973471000889,8988.08475456227,8510.403100431216,11602.355299078718,9879.304236824351,12948.079271988714,10808.086320037057,10157.348105602952,8741.923665560687,8247.932451930807,11406.054253272034,10213.870542660068,9102.54103745122,8930.91268158025,9352.557331617185,29818.55398796109,33171.560351851775,30760.43333266157,39746.0549870334,35652.33396664942,30341.25630790464,8714.49883907035,11687.266576558242,10871.554304546828,10553.521861368286,7862.945259961298,9603.591060880122
Glyceraldehyde 3-phosphate,114189.39388209768,130612.51259595252,138128.53436553443,143019.86600529528,145946.8390879509,98194.0657731603,146972.4644213033,108343.34216263347,153898.16774804206,154859.76919398358,100394.3224069192,128071.22084892636,122909.15362286982,120292.04913864832,131688.87294458188,125902.87040427666,83735.96613843141,116618.29004241944,115335.6779107456,130265.12008152016,157809.24408773126,150247.0501494716,131833.30752886046,130642.93068167068,135763.85560562133,86520.78013507683,109737.53242711828,146022.9809536666,142278.0734704597,143388.11506046593
tetrahydrofolate,31285.764759227997,0.0,31455.570388554792,0.0,25512.847396802783,26213.027815466125,46554.19977913528,42093.47542617734,63761.20921025358,52730.277541022246,47248.84342518688,58482.23610179688,75654.22587174436,54240.198014031936,68018.13401891236,70644.15808038032,73537.22720462097,74377.70084983383,71561.6252469878,77241.5322741152,80255.08811703921,0.0,102097.31991902328,102323.00942153146,39597.6532254047,25007.03920349857,22533.152384368736,30102.00247825636,28027.10787728511,34250.728515199684
Formiminoglutamic acid,20922.50041662949,17509.435310479286,15577.0434416192,15531.991327188976,19787.356949776837,20025.528076308903,18548.50035461318,13681.099863315998,21284.47430302906,15585.755376950165,18819.728668391504,13060.432972980694,0.0,20246.917578586723,16054.55560968438,17472.14751977433,0.0,17773.42138991457,12436.70942290193,13901.364882723929,18464.249060954924,18380.97365759796,18518.962145142246,17581.322038816583,14747.272767859393,15772.067157054638,15859.803523218696,19051.876672805072,14608.788438789908,15505.871441419838
D-Proline,26762.576191975724,21917.748595306995,25260.8082294884,25534.136057344847,0.0,24055.501860971923,30231.9937579536,24729.06395607797,0.0,0.0,25391.907120411302,25701.89896029472,27058.7360549116,23899.827654033008,24818.713032949563,21155.286879828367,20399.438646278017,36667.1756620512,28157.158750208477,25775.403596672324,23336.101164146043,28561.566979623,24116.283821248988,25434.3275060389,32325.313602401577,26873.69706715333,22514.27383711562,21143.027325602983,18792.323475943347,18848.960649006032
Diguanosine tetraphosphate,31618.031880918727,28005.03257539456,32920.18132508246,29692.78334111164,31048.262620698755,22698.36610784852,28171.217334655383,31403.38667912668,34757.55681751924,32587.427472118063,0.0,33069.41057055288,0.0,25147.365595771746,27287.47085348852,28204.51299113157,33045.34956091749,35014.515333300755,28650.07175767721,23941.022817569687,26388.867384368743,32867.05956823215,25251.676946358733,35254.30138118959,26116.8967692255,32558.577950640945,23306.815085034472,34032.12007139389,19794.487096946985,28845.16204418304
Glutamylglutamic acid,60810.32425830686,57288.6440758842,56691.75763084488,0.0,55906.41036496752,78117.16818499302,51157.95228318188,70819.44276862743,71307.80744546663,51254.58844301832,55654.73489068999,84815.90535058014,78894.86323220561,70604.15878889411,58383.572228799785,50164.76433764766,50365.17562741797,69486.98094525746,53840.80698843156,49092.65713556612,66766.37146148602,51168.66029795558,71708.01598007842,0.0,64463.73284175628,46247.69452521639,55307.79911887706,56338.05991480476,56324.70063120524,62117.01202164049
Acetyl-CoA,0.0,22395.840985880543,29073.203517682174,26475.618990964253,25158.274354812856,24089.0605516196,51152.50863053722,29981.59699193443,34674.97477623754,51378.038805162105,41326.6814265884,46799.9652269622,47757.18534410472,58662.74546212451,0.0,41272.506742085,52322.85606834727,42158.33623000601,60983.63741194969,62558.51156295411,113939.29947436348,65208.153411129904,67197.33259481817,60240.56291626272,21112.872618247387,20976.44706555617,22992.818407271865,24998.48906232501,23087.377184412777,26848.571269549902
Adenosine diphosphate-D-ribose,68224.3685282429,68563.67336926456,88601.69567791684,105784.197362876,91205.1174235361,90477.08036651048,105617.19619786386,116336.3782055845,110468.10122228588,102812.30881025428,112313.66084249844,103892.89859118778,184258.8213888373,187157.8575694462,171264.99589865733,134253.15942456757,163664.30691858346,160893.74824622218,235642.30879243367,0.0,0.0,235712.99095850752,169869.9687159564,296419.24559087766,79021.46360824436,89227.72698238227,83049.54453072936,97218.0768608988,72231.154035708,101934.43981979454
ADP-Mannose,8708.753431856632,12360.941677928244,0.0,0.0,14515.253445701524,12429.777083551053,10281.182033067184,13381.2750153912,12899.944834691254,11655.856978083337,0.0,11477.865443942725,9537.76734178808,0.0,0.0,13919.599210724637,0.0,12409.22813690829,0.0,0.0,14876.29781125824,13109.537909973264,0.0,11198.008327992178,12461.272795226974,10846.355794747958,14126.433498416638,10974.539737574903,14034.216472057846,16612.411688551492
gamma-Glutamylalanine,23184.10722471014,19894.470446116968,16664.34340115884,25811.855912622792,25035.76722545597,0.0,24802.51386316902,23468.430035319478,15928.872652761878,17601.011504614416,22529.714866815222,23482.406963214293,21114.65336116416,21019.86342142592,27301.090180274925,19046.06090954724,19368.19892871831,19668.592125016195,32184.040406398817,22355.880418752684,19310.08622638485,25832.04103355356,14148.398648449966,23744.67830847225,18353.183489055235,17349.26844059883,22562.96294839636,26333.49235383564,16565.50755883503,18833.827172057125
Inosine triphosphate,14419.8789165043,9922.98490277007,9262.711146013347,11964.953909259377,13918.281849705754,10035.7251965121,12705.07236995669,11045.800578510543,12618.94903741637,15182.84487778327,10664.15189815709,12034.502170915404,14976.464274871914,13507.620400727255,0.0,11096.629881672514,13261.84380218591,12888.23042686293,2751.473311464438,3716.365165279084,2967.662417430922,3670.01642020115,2858.9694312179363,3972.924169771893,13082.229944538722,12730.287529185456,12991.629740662383,11634.927705436296,10793.068395576163,13755.79587822874
Tyrosine methylester,23270.898682344163,17631.28850134124,22763.01790909348,22356.90423581532,27974.432545746597,23564.710259439056,0.0,24266.64076836186,33566.35974084897,0.0,0.0,25349.352936810203,28183.027527991813,27130.93986635232,24397.807117114466,22840.926980128854,27164.784722744374,18925.82508910684,20747.690339343797,22802.421990688606,29022.860399283774,23256.40682997605,22594.00726110006,25778.413317904087,23565.224450047368,24661.887994291297,18485.048796857693,22671.36055091585,21730.35818320244,25915.01825031923
Methionine sulfoxide,159746.05485954756,0.0,184760.17324905837,154347.36163224018,154055.47326741865,0.0,135082.0507571875,146949.0710532038,187719.83586399563,221931.18722996247,199943.5424433308,181997.5529245029,161706.9217056167,157354.92799275462,161510.7130169018,154998.27798905014,166151.5923100906,159247.2492596429,0.0,155349.5121808308,236195.6137684732,181064.1092339742,173440.797827726,182857.03174852423,224349.10455455637,168614.6497127592,212618.44060038537,180216.4224756667,249252.0106495101,171759.30815304664
Beta-Guanidinopropionic acid,2993.88398573476,4514.9659102605965,3876.2599452464624,2970.8353876373235,3580.23837371305,3292.2153820435124,4950.928356544895,4019.049788139466,3944.5939083558615,3923.637872604506,4380.264378910519,3490.4230388773785,3863.977886052308,4786.52817152182,4282.414427567162,4441.103196702464,0.0,3458.2840462882587,5689.590308466345,4104.880368752182,3853.5074789130913,3095.147215499515,4592.046282770228,4032.743343124374,3959.436032757488,4179.93005902589,4405.511195701342,4391.214904200189,4086.141408821946,4411.215836628535
Iodotyrosine,0.0,3612.377606261721,4357.14404719553,4592.525968092456,0.0,5009.52257468403,5200.600534966096,4317.691690285849,5282.335132969353,5290.043296617388,3936.854464941304,4065.872838660787,4176.4795052786685,5024.415218650362,6598.439351000668,6386.560528299491,4540.883485138996,3597.903622712834,3918.15152072052,5305.591432142598,5159.968779053868,6356.817733712344,4342.610099084487,4046.608288830008,6630.011121405186,4766.234159001746,5556.729080548098,4948.025780632787,5405.076359785536,5390.92908946298
Murocholic acid,9195.760889825016,9645.550955037192,9728.747103907082,11041.901746610334,15796.024785558237,0.0,11139.741975636607,11195.82894957414,8373.79377929985,11479.878489045086,0.0,0.0,14013.185030931423,10020.57943932522,9922.960074301604,10826.034342435292,9593.94164371094,10258.75463234577,9303.56405767166,9401.485966549137,11893.027659153344,10023.467106711596,10658.35538816094,15271.701650203571,10969.634449911677,11250.774546745455,9960.880457633892,12198.186867343997,11191.93279768924,9937.1054440456
Diethyl oxalpropionate,65989.66799633534,85129.65887027839,0.0,0.0,72129.62824573086,0.0,0.0,78626.37967702892,0.0,0.0,79307.20190572915,54369.71365124772,0.0,65590.03637408373,61691.04048631773,69344.56802791124,64979.71500561225,0.0,0.0,0.0,0.0,66957.9259429804,56507.14778549879,50494.412847796666,57188.319480134094,72470.42327517008,55658.369205756,59031.45106083591,56099.97653094934,67684.67813858419
O-Phosphohomoserine,34282.28457693197,30273.329844801487,32701.428155604328,25419.75571683715,25899.507014305043,28425.643971713274,29635.92626349817,34684.83932522629,36869.14207876522,25047.799760640017,31765.584696221904,25829.08025076911,27090.381703750045,0.0,28588.16480097901,0.0,26527.137008777623,27153.86362237154,29869.373588106915,42195.95181423038,22381.502529090045,32403.858707436,30197.527772120156,31179.964074386666,33558.96935386883,29436.88132714417,25923.034928516,23913.882949721003,35461.16810349343,29036.70795947631
N'-Formylkynurenine,8481.8118733078,8857.336603208638,10698.857234285384,10853.504160207449,10078.33868898616,0.0,11379.780144270082,8204.672857774822,0.0,7057.900730283871,9272.820537720894,11108.693049303623,10252.198958038973,9298.294170044464,7186.38786470469,8310.109441365263,0.0,11184.542756112824,8046.162874408626,9355.712109021164,9201.040924589355,9383.477325592125,10365.515147413043,7497.489222012986,10988.822658368044,11860.767049386874,8407.669429859568,10168.8120280857,9128.84791942174,7738.872555974424
Oxaloacetic acid,26550.072693909864,23620.88139837592,19316.1892078146,23882.968994081533,20607.156219261746,25818.577031223977,25888.247133574667,27475.361322431072,26348.84034836068,20386.190532780496,0.0,25026.88269817603,22279.006573988223,26592.59749371169,22866.295501124063,30069.948339102084,0.0,0.0,21305.904726917008,25506.627856815103,21405.653653715573,22051.59505606568,25477.572982643745,19622.473553935582,22236.473652818604,23463.959647996016,21217.68165541504,22557.311173436545,19178.32058815053,32880.6784856223
N-Acetylhistamine,6941.511860336203,4206.351676237626,4441.030925311257,4809.590382628176,7104.135430684551,4066.804824378763,5549.018593393155,4190.821405816856,5718.464144295747,6980.431057230807,5191.728041907721,5254.9485586332985,4268.471682112793,6505.396111526209,6008.863388818697,5106.753963373311,0.0,4721.593058180108,4234.091249360213,0.0,5329.169230203679,6471.953836662723,4919.462461657772,4058.299650895975,6025.786416112205,5050.572491494818,4537.726587663984,5469.891405184336,5441.8221468623,6042.36865940519
FADH2,0.0,7141.935423573234,5646.271361746167,5817.4882732903225,7138.450112240837,4930.046385849247,0.0,4393.808527279486,0.0,0.0,3996.6415621798183,0.0,1901.8166994487065,2281.744712004595,2030.7138747341955,0.0,0.0,0.0,1005.8165546397206,0.0,1174.216761277885,918.557411068732,0.0,1211.7830072207105,7326.908441715225,7619.041753268901,6809.511018375563,7479.733606526886,6184.467329225889,6789.905657788744
Uridine diphosphategalactose,11395.320843422996,7798.323496809113,11134.45465695528,10600.157435401214,7597.895728658383,10810.866318755154,10524.189083625228,7127.124595173151,9844.762326081776,9585.449173422596,11454.436158249377,9727.422223391612,9822.490701577675,9378.391667369728,10516.12980741398,10908.994819202326,10018.739010734953,11989.647871173358,11674.354618655769,12050.47400888036,10356.042055000218,8818.001579710777,10516.33477767911,10263.163665763532,7962.696685457877,11794.816945555369,9939.22729943654,11175.828478767518,12465.849414685832,9808.989405486212
Cyclic AMP,41153.12912777463,40673.65305168511,0.0,45484.31651957754,36563.22905676327,42712.78986244364,33006.84104964059,39304.738656927024,43039.77134231909,35836.447455719855,31703.93397940832,31630.95131779371,38535.15230837537,0.0,29099.212470585146,0.0,35675.2388538107,35696.52191157627,38935.542103480926,40472.09956677469,35097.58672272337,45246.65684040969,27214.35089175445,43766.1021004351,40708.59305938627,32313.28255061172,35640.00946555704,32825.33296852598,23929.88417523681,35680.16835592805
Ursodeoxycholic acid,15082.509311773942,0.0,13899.081083722824,14665.284635899392,19631.033832792215,15060.164008430816,15031.13402727296,13267.184645681791,13570.123157067048,17070.194603477703,17538.653356687373,14556.009112854574,18817.66242421101,15344.757939372535,15052.749617613104,20345.236530892715,20047.743831727388,17709.597715579926,17112.65462984295,16582.442940183635,12835.389046938004,14071.026748327988,10878.66739009598,15746.197256473906,16050.522000162136,18846.871465848668,17642.142158957962,18769.486299539592,11291.131549040165,13979.462433461767
L-N-Acetylaspartate,0.0,0.0,24995.60728878986,21215.13952819151,25428.156028208472,27183.974838064813,0.0,25742.375072316485,26357.41558911244,20506.129653130043,0.0,17890.97738601806,23726.23437497753,0.0,0.0,0.0,18008.928085491138,0.0,0.0,26029.11333647488,25269.38335030332,23589.897166073155,27257.96154926959,25991.19561519785,17302.611834324438,27283.913657097197,22969.464436254297,18838.483034790843,24974.087900074483,23141.99027871296
Diadenosine tetraphosphate,0.0,0.0,0.0,0.0,84437.18150303139,0.0,0.0,0.0,77498.23065869245,0.0,0.0,0.0,97028.87539296076,0.0,0.0,84785.57371585272,0.0,0.0,0.0,0.0,0.0,0.0,0.0,0.0,77506.87578808524,84321.35186826311,76378.3335795404,74472.96308856522,99362.43061190998,77738.07997829508
Vanilloyl glucose,14708.949767472865,10923.23699463669,0.0,11936.456805498809,15623.63298444832,0.0,0.0,14686.038336395308,16298.848610126865,12898.21970919072,0.0,13449.091080383563,12478.622609100124,13739.823151209006,14261.366960984766,17384.389510340345,15369.829342808423,15656.583546675703,19074.637408917653,15214.478445289751,0.0,15709.468089171763,14849.560643834837,12387.422544084708,16889.615120772472,12610.225720149529,11856.458305225571,13843.99276336805,13814.28403678934,14135.053787774012
Cysteinylglycine,0.0,106104.68615589773,0.0,0.0,73131.91770900378,0.0,0.0,0.0,0.0,80544.13378613774,0.0,0.0,0.0,0.0,0.0,0.0,0.0,0.0,0.0,0.0,0.0,90260.15828104636,0.0,0.0,88121.5364774026,77337.13475813258,91537.3374109188,73508.1848312985,86108.09472834197,98087.2235499723
Tauro-b-muricholic acid,9226.951936262749,9268.862092186197,8231.883145630334,9446.940936976229,6950.62235088095,8642.115400863135,0.0,0.0,8521.531740392682,6728.178603576688,7889.834528876894,9256.203912527144,7195.577166034241,9849.363799243136,6915.569836575719,9001.160199129317,8667.268449188065,9079.62116426268,7176.544627873748,0.0,8353.793837296345,7035.6699728225885,6791.348954984124,8493.572740434072,7503.188871189822,12704.474106342272,6979.086692023881,8093.615674753414,8990.326724694281,9084.637272540607
Fructose 1-phosphate,274033.8242416243,223315.46215634185,265047.35507256986,0.0,200362.27376261677,219012.24129329357,241870.04451283408,233951.2978000466,176517.86667574546,234637.764029808,230535.38622400488,224727.3929945081,239075.05716657656,0.0,185224.22795981748,219152.1315843817,237686.05896659024,196407.98239332216,223363.84658208772,213450.24298768616,0.0,214988.81477008917,213865.41068388347,235251.65500310287,209107.72715927853,168495.17624911055,245917.44429375677,151649.76910111008,156912.02867685002,230508.83607599704
L-Cystine,0.0,4808.159132053884,0.0,0.0,4816.57179909488,5296.878063784998,2591.5574643080736,0.0,1940.6159367673267,1908.0265959137107,2640.270154833587,2095.5256042896963,683.4623314830609,606.7570728237977,745.7886512368829,748.6182863973096,974.0666932054532,787.0419347313718,0.0,914.7303338834944,681.6882972566763,794.2328092859979,884.0405075857954,0.0,3985.159872418808,5651.010246263077,4307.59157326797,4494.610144339937,5177.14885709185,4140.321118350098
Hippuric acid,2045.446756408577,3063.430139233111,1839.0264873333365,2993.139235664878,2729.470411783914,2436.165254704164,2713.0865915423788,3047.466358978168,2065.211820625504,2495.6851140736544,2381.865024657121,3027.81347990085,3347.8987651766997,2867.689627380001,2257.627843123924,2568.6257259619483,3108.9929187947987,2801.9804436009827,2312.066997245762,2709.116721024659,2896.382265267651,2607.672973667238,2125.1159086740618,3407.658332606805,2440.2660146147014,2483.4403664884385,2241.9357342603407,2312.5840767437694,2296.1902521926777,3010.035156214221
DL-Arginine,25032.18443916246,29719.814619830617,28346.833750522383,24883.59528078303,34536.434789059946,31858.529630016383,26853.81265608717,22029.944831078785,21696.63388765551,24440.098774310314,26662.82768313581,30594.012810960183,27441.852278880146,29661.522672129697,27232.671191309597,32866.5626602388,27089.55067646244,23849.281072048467,31113.427953086317,29924.7781152341,29990.45680528564,29326.773605110484,21388.661814497995,27768.02891489205,30031.78490050429,22588.49226352643,28219.89030494029,21215.11542913652,22512.718993017537,28469.454189129665
Coenzyme A,0.0,0.0,15699.061078883591,18065.272091911796,17690.36988445621,18973.42278201824,0.0,0.0,0.0,0.0,15162.10048129018,0.0,17849.15931864314,20168.931637404214,19794.78754975093,21844.40603715012,17079.866290676193,0.0,14299.240505524624,26498.499906674893,18950.06694538671,17383.408373197537,19586.59007631579,0.0,18507.963443635315,25495.39704159109,16217.209715368135,11395.04616661447,13927.277940460872,18692.512883665444
beta-D-Galactose,53037.9282270585,49680.510661919776,49775.63935926185,47859.29525468155,38649.23759836198,41958.067656151725,42360.039635684734,43404.526758549415,44811.75508402612,35701.68382605024,45275.560020773446,43972.85183757637,0.0,62404.01022084228,41389.71322699858,55228.33260333247,67935.11614555876,35544.83051334011,59712.19512405521,56476.29849107919,49533.493961092834,49284.398961977335,57930.19151710854,64909.79914020633,47747.59721800837,50941.90907913845,46000.49155205282,42881.99579383844,46671.41122155917,45836.784775659646
Pyridoxine-P,53127.82004365278,47843.993574644526,61588.72117113526,51928.91884138524,52542.48963361554,51060.37535634628,64508.03436977741,50778.13083908671,56898.23153869381,50733.82284604241,69404.1650707057,50170.00424139131,59332.480012126034,58778.453754023976,51834.37124223045,60309.61065855238,52972.83694910744,48651.87652977875,0.0,0.0,49069.90854743628,47384.980501426944,55872.25660157221,0.0,54948.67985678091,60908.05013264831,51051.45576336507,36310.668897202,59060.88745475667,51018.46937825469
L-Glutamic gamma-semialdehyde,4515.870561422898,5026.860036958916,6109.843429501903,5365.663313802093,3484.649740008429,3980.854113046644,4624.402269301158,4680.389299920438,5541.899261718459,5670.365468647259,5865.1676720756295,3894.089274372026,0.0,5332.665617631967,0.0,5628.40961910968,5751.662823012275,4651.130660955109,4834.764616232164,5456.610336229423,5377.0613615824905,5975.90636363069,5306.367384901638,4573.541364657597,4863.487688025954,3743.68160042361,5724.45993906894,5295.254631894142,4225.944268702211,5855.568184071906
Glycylleucine,0.0,20029.56347915612,0.0,0.0,20789.701458967786,20652.247419937077,22245.551651729933,17980.963852815217,20227.11572255839,0.0,0.0,0.0,19108.197046922985,18629.01571877521,26876.42284803078,18599.65323008109,26049.690273374606,23991.26239531873,24756.47100015817,27821.73245018311,0.0,0.0,25806.32348639847,17991.044469259024,23154.17437178455,23181.479115965703,18251.771705364263,20535.907784516126,26140.511848176546,21000.46955078284
Taurine,0.0,338270.2617098874,280918.49746196694,310608.83976815525,268512.5071404388,340306.72721251094,401801.29002865474,404675.6645869272,369451.8591582172,519791.25404041365,362159.0391839258,348312.70837182866,650806.1073005241,658861.6969112633,530327.530193151,552318.5660048511,516009.7603453354,526516.4654777808,718403.6898072641,684495.6725953869,592063.5669492128,658003.9210265481,609125.8247965855,0.0,327337.86007059447,283059.17775149195,235645.9230771472,315743.01497716,339844.6011081845,290439.9621784277
3-Ketosphinganine,16360.000769828386,21409.867738601475,17096.08762774597,16314.874262123954,18938.383397732847,0.0,16294.681898299208,16099.63496195392,16086.202847499097,14668.768445476271,14503.796744019151,19283.22163215921,14854.666354007815,15138.336180304925,12805.79239035282,16437.438169490106,0.0,14235.95796474912,16663.148818209287,13378.97943484062,18561.54463610593,16841.943550118227,12424.590348186508,0.0,14316.27478491752,16925.401563720596,19073.861857092907,15153.47628559444,17433.940643448157,13310.250631524235
Xanthylic acid,109016.7492399118,108777.79506998828,118952.15796549978,105438.7318484196,120413.17166897887,117750.2555892103,130773.77648408408,124358.92678400854,126289.37111641651,146699.09888334424,109122.55387906346,142360.39044721212,138093.85138822507,123570.06314597408,119771.41822038296,143763.37422500263,104358.10308936736,125727.13099865218,133981.58147974414,112020.80172843116,148394.29520739938,120741.8350927292,0.0,176058.45548188267,114361.10345695532,126312.01736324596,123065.50119427932,142572.30425429993,108608.56317834412,147443.9345108362
Nonadecanoic acid,19434.63368094905,26887.86831740661,0.0,22015.87895509861,31423.4792472556,0.0,40517.7231448152,0.0,22860.34039891785,46346.743816571005,33124.94268987484,24901.711695878465,47560.98557975489,50078.79581384608,53988.623633046656,44444.215523862746,45968.47530014443,0.0,47440.19829762461,0.0,76138.94091227921,67513.64073296331,0.0,0.0,26008.05105651727,23479.38183115544,19459.49551831874,20185.631198625044,19578.43767831372,21234.70527636448
L-Cysteine,14315.258349019316,15048.670435451317,11820.879983745495,13979.731762471063,16413.133140917904,20449.869443621952,13508.882097706884,15694.40242356062,16388.790528949627,13828.940625886757,12954.61979851514,16901.49235361004,13365.748023834072,18262.79427434289,19132.75447274941,13688.5797195171,15718.56207273456,17723.06637190458,19441.09446700281,12983.058849328832,15566.106347124727,0.0,0.0,12166.800965943168,15048.89935153964,16295.704913333457,16960.43911891688,16528.424032951905,16342.20179369436,15381.460607348788
Ricinoleic acid,7174.46202444241,0.0,6540.622279380692,0.0,8122.337264685593,10691.829109478407,8513.920213625037,8995.368632408996,8395.494670032067,8221.773068185561,7451.8887426768815,7364.820903246818,7375.062090691952,9952.137666299122,6065.199321233231,7388.860045047601,5637.867086646913,7931.303010929959,0.0,7282.974104347858,7661.103904195462,6635.5270012671335,7303.476922213589,6749.913874339479,6777.971380212737,5662.304513990789,7402.892820242631,8286.249510694663,6021.514059469157,6031.338972372188
"1,3-Bisphosphoglyceric acid",10800.9232870639,10585.997634875086,14653.31123644474,14723.978423301984,12758.423870332732,13248.6921193679,12835.492685686431,13024.430963905052,11585.431277103786,0.0,10005.904681724458,11010.703097453354,10076.593181056402,16227.555970635736,11593.101102482984,10449.274842623458,10634.490492532224,0.0,16138.612791642076,11086.400037216805,10181.170562985604,12542.98364971597,9014.026299083604,12518.368304199808,13071.904310314749,13862.95792552258,10375.693351688493,9360.684049379888,8073.26324426375,12696.27168083835
Dihydrofolate,4026.296042988866,4798.754048291458,4957.430659063575,5716.450824306262,4549.180495191886,5106.626694443522,4495.557864523874,4291.986623805697,4483.437537882869,3579.427434259784,3806.965856549176,4669.561517185958,3886.144411044407,4546.729107618682,2888.726134488736,4548.804907462033,4208.232396208598,4556.231068636818,5120.596263413904,3445.877197711169,4456.978450160434,3898.178761422543,4274.243522878118,4131.554518607003,5621.966777574859,5924.827517211683,4519.455895635911,4802.611791026229,4880.098268015861,4846.936838019867
Oxoglutaric acid,98190.14702898735,117270.68495186578,132019.76150902075,118984.30878277516,110861.53594116317,104342.67098665422,129214.25509435905,109033.08602458,114450.6915551706,146755.6288365789,124918.33526422412,119563.63072314758,107494.3583831589,109254.44733056112,0.0,130171.06711542976,117711.40310819593,144326.75045467375,93058.58310130492,116669.7911265262,123924.71802687884,143961.0803336631,128142.66290602954,103682.04199235146,116344.15533535962,112440.76461745008,92377.54808239832,120633.16219893674,93996.85448792868,119629.83929030888
Guanosine diphosphate mannose,21551.27760361013,19886.92182510518,16579.17585953348,0.0,20802.61935083712,18082.84625655285,20526.427929559766,20318.042458980115,22135.38674424462,27501.53302604041,17396.948643674983,18662.555216747754,22299.815614483898,20154.02077636337,19919.49920908517,21385.821961114685,22408.240985729528,20328.72266927159,4303.730152890507,5286.626692001943,4073.845668339199,4419.325447608367,5111.904011252064,5188.34956286859,24184.90842827135,24534.80678053348,18585.91606006364,18721.46481572803,23960.705730316015,27077.6011636878
Succinic acid,0.0,10409.414538579427,9704.09842451969,0.0,10650.568958365177,0.0,11840.195017845224,0.0,12003.496042715333,12191.93945052546,10065.5546504958,10481.33456523012,11085.403466223372,10465.045294050651,8702.045923195325,11501.714725371476,15358.492101398351,13655.10136600122,10862.456204406966,10730.34727263007,12116.150623205112,9456.092268313316,0.0,12475.79852539678,10546.126588111842,11035.283159524972,8811.969703375642,10118.594435606436,9395.889731215024,11940.324928043729
Citramalic acid,64041.27753097761,61405.74724882682,40094.81281616965,53362.12930905366,70480.45488955747,61572.30535777394,49017.59059860429,54969.61411033464,58018.67868516123,59435.29491519724,53736.63242886639,59889.42364314653,69045.05677669159,56641.208259104125,49942.9849892804,70403.8961091758,52608.818126382444,55530.258645932,18950.797445594148,20148.794362833723,15717.116175082936,18410.47675675428,19250.894832334587,14914.03261299119,62622.632393306965,60571.3480315624,52441.75626286506,65040.205079332976,61090.47382068093,59595.92305539596
Uridine triphosphate,0.0,8261.618797291594,6168.904379892525,10216.924520103852,7137.2288552665605,0.0,0.0,7287.815873290875,8308.116143914103,0.0,7207.031740174636,0.0,0.0,0.0,0.0,0.0,0.0,8009.101609217485,8797.720688434252,0.0,9383.3760330799,9543.028489565237,0.0,8497.829496725744,7205.442471525413,8737.906427237169,8890.595006543614,10107.679598795468,9018.23026786793,9963.545701656572
Guanosine triphosphate,35149.24649075984,44068.2401388142,0.0,48722.86980458474,35268.772526520814,43177.84539388289,43513.014408871575,41050.55530599349,38565.829864774045,39726.58358269182,33573.80461712406,43097.01971620414,43737.77904735423,33734.41966058746,45064.13617899786,39565.39023836133,51695.67952355735,47172.187840139646,0.0,42493.32048167825,44985.916264551386,50462.30750203592,36753.764561591765,42707.343293383296,44002.60853930474,42086.051893585885,49546.400373110366,44390.53240837494,44076.79901759059,37880.56787840637
N-Caffeoylputrescine,54020.94255533683,0.0,48076.47351970905,48366.95849343079,48257.502866419214,54193.27793844872,0.0,59899.60314864681,57543.8924123272,0.0,45888.19458977446,62618.11406333788,48066.07706611672,46817.05773585999,48092.099943435656,63562.06730995705,43469.95632414802,46001.9876048038,58473.87244563382,57827.79235150175,46993.57354762544,47233.9939945426,50273.56639103499,46944.29954756619,61046.79670326641,48972.4928192324,49279.74948688886,43805.06612355622,59313.51450291761,66643.31499921733
Dihydrothymine,60754.60125285757,0.0,66417.22985285895,0.0,66387.15696901425,0.0,59473.39843303258,0.0,69664.19193375626,83336.15980083006,55944.32216975639,51794.35685022392,0.0,65990.2262400111,64211.1234667672,0.0,70715.96032383983,67139.34113221533,0.0,172693.4282467506,0.0,0.0,0.0,0.0,60693.609185481706,59349.91472028921,74975.14783815698,71868.84155904276,66708.05234667889,73721.31459946313
DL-Homocystine,45459.30883074414,31815.914954364755,43197.02328202572,40852.28196547692,36275.35872205861,31361.91317060769,33859.639423777604,32759.02285439827,30314.42369597418,29830.183552329567,32084.529856363875,39743.21245353364,31867.079063401,36964.93438254591,35838.18866154108,0.0,32272.951057221075,36512.28936615124,28649.61801059109,36220.06749541026,32393.50009492285,33611.49122361666,0.0,32639.643349392576,38204.21200082448,33794.960646315245,35142.503871415254,31926.36053636056,31346.01877289325,33782.11746069785
Histidylleucine,95372.53840469391,74849.81630333915,90902.95502846014,92960.14886794296,89556.09512253925,0.0,90037.2715777104,105080.06445005916,0.0,93558.96541999496,97556.80943473733,106918.61981401392,93514.4695486224,0.0,0.0,97310.39077818271,95302.58086383822,101888.9790991201,259165.0966972715,341866.93712494505,225124.25513835505,285474.8456615505,275663.8971788248,0.0,103634.467277112,102915.8483395316,92375.04594034085,85691.56517079977,104829.07139746589,94244.75163452709
dTDP-alpha-D-glucose,18292.9589597177,24618.50974636744,33093.20450817074,18829.421811906537,22547.18719316027,18887.312534964505,17137.459094260426,20802.73843618632,18627.296912770693,22297.45942856343,15720.468485949672,18780.38111202868,23423.78477015252,21570.12890680824,22716.23211908753,20858.127174003628,19000.7624565504,0.0,22902.860148312306,22452.634669300955,17100.765917887245,17477.118671894463,17105.713140351054,0.0,21144.480236675863,22828.69463447832,23253.646743065958,20870.098474495982,19595.165299291173,16665.770432644782
Phosphohydroxypyruvic acid,59312.9492424021,42907.20654253804,59684.31328051,0.0,50738.35188052328,38407.31187374448,53912.43258694914,52035.838501115046,35456.15099847184,42924.053488192,46502.32907802019,41570.48574062117,32028.77485622825,41106.6703935102,44392.80806373704,54058.078292684106,46252.970677650745,36994.109000476856,49430.02896135796,40336.09771862655,41632.14140827523,51359.41752378644,41298.72142165566,55807.16533799868,43796.65504407232,40131.15696206592,54035.07093669374,35107.672997068235,59710.67415712692,43349.33903554813
Muricholic acid,76982.19473652595,95276.88202678467,131047.37042988151,62125.14212614235,77490.21578516142,76642.8689569347,79344.93937474962,81696.95177278154,81449.61673431747,104356.95830753387,0.0,84903.24573598943,89319.34828738635,100549.5697176516,68352.4164544847,113657.15894250812,0.0,99865.464050368,90608.12137811372,108223.0159467046,86923.80230357248,102335.33435389196,89827.25732767569,0.0,79353.1111433985,86232.60086274061,107985.5098921085,100675.02790549702,91736.02440342412,77955.2593091416
Tridecanoic acid,0.0,34960.59882341278,30812.209421364405,37843.73872628464,46384.55131156236,36579.71802368647,35492.067280039235,0.0,26532.30877347822,35477.966416192015,0.0,27663.48973305738,31325.869448619185,27677.57885280232,31524.78780342425,49159.08116492778,28138.339941357623,34187.43362877284,0.0,39238.66805634267,0.0,38927.480146506496,28429.009632086112,33786.34063618994,25998.447193456373,30632.23936103554,29166.71764970598,36726.920762555375,22580.768459636573,34977.91837132305
N-Acetylaspartylglutamic acid,66983.08074796254,65470.314498339125,60785.23110776788,84606.92902242848,95531.55558719132,66325.46784630684,79446.8272150377,68853.94015508534,68543.77772532283,63736.28317284872,80862.98109230243,72729.49527680199,76798.75123226641,52682.56989922013,73610.21486107391,68962.40042951233,62955.97689670718,72757.77571728257,67600.77277928645,67815.02770967458,0.0,0.0,81296.57467248192,79983.44522344974,61175.43596148424,76399.60518432404,69291.94221580037,65237.85369065754,72451.58356682597,91647.38663119658
Folic acid,1586.7947053467417,1800.4301669392794,2096.343303104723,2213.3476915654005,1919.2552711983044,1663.4858940525105,0.0,1904.8920903300848,2657.1185199891543,1956.0429916737132,1787.1769983359266,1828.939344623132,2270.3323782967946,2108.144711667683,1896.424345813032,2175.538379816769,0.0,1551.972726170059,1808.6972616301491,1900.6166197252624,1811.258369496377,1806.927006834176,1930.6915189833687,1661.8146288381845,2135.0986202368945,1989.1725593850065,2125.6000422272614,1843.2094181008424,2393.5161116846484,1425.2169118036472
Hydroxyproline,0.0,43328.15903865287,48889.61006729463,56895.88356118233,41211.71788896174,63948.854973370064,0.0,56105.00841291485,40555.79735833981,38428.24541507745,41919.4077786789,49107.32845316271,39693.40451865373,37419.924062674,56905.00090059124,40124.27393413457,36570.53112931062,38580.98385970422,50866.39996259833,47580.84273639214,37706.59674385672,67188.68830236128,34739.84227378347,44576.635407648,45867.395490521965,50725.83717965076,45573.38356417154,39134.93598839616,39494.43001372205,37667.479445064746
Dimethyltryptamine,60878.355669949065,35919.82503614447,31734.96165922026,39973.23959951708,41055.43274523891,39323.75146081171,40641.503717913,47395.95819286119,53432.34799553088,36818.21526169019,50364.936979895785,37101.31930662313,37288.84259369084,45683.98733491776,0.0,45579.12384415489,48383.58022503789,40657.168510789474,14930.772996777272,12643.63005883227,13239.19736624765,13944.685199752344,14539.306959133392,11937.587101202893,46495.84431312766,36819.70328473516,47987.521936260826,48373.27910167012,46775.82841046986,41550.84371167353
D-Tyrosine,23540.0615443038,21242.82413497782,20924.30036096953,15487.830609193945,17871.51692601635,25617.226848595332,10452.802219165487,9131.813819001844,10562.912598845938,8596.982096254062,8047.708172884191,8830.67410719273,2981.5834018078226,3051.206680397883,2851.2384864247,3306.2478137270705,3417.760327518688,2949.2010502661083,2996.75278435697,3196.1214200259064,3027.547113841164,3686.0274493955935,3266.775292105124,3428.3597164672824,19149.934764539077,18512.93225912873,14965.408946643256,27133.666057358496,17859.833950458808,22453.36293460429
Isolithocholic acid,78054.43847945047,51751.98655078698,0.0,0.0,66649.2405742406,0.0,67602.47715305132,64324.14391131431,54284.049694032175,0.0,69921.57680431625,71009.28510862392,60722.767460102,69764.34280692443,85694.54177778112,64033.16316579398,70730.40521179081,73203.23428404218,73275.10351547535,62165.73739886622,76170.20863574908,99575.72050547772,0.0,57974.50713150608,75521.14409580208,80269.76750599478,55288.09630269849,108233.78422082328,79659.04981309005,115639.73876497184
alpha-Muricholic acid,0.0,230537.7833718233,181102.1326392426,230573.6735994455,238033.74603264927,237229.4647986756,228306.8514197485,221474.03506333588,205781.03938910575,0.0,167340.77490553068,208441.68255935455,227444.6819476892,0.0,209737.10627771507,214871.02548636904,220666.8491432072,197600.7386200161,0.0,0.0,231158.3853094113,206604.81327274663,158695.5654840464,189593.65869224325,221998.04410532108,225579.94369892616,186377.3876229569,227462.306348749,219847.6211539496,250569.87828710093
Mannitol,0.0,0.0,0.0,52410.47034282849,42021.1887692957,34847.43180284935,0.0,0.0,30418.061224197085,34359.929987494696,0.0,24117.219503600245,7845.444680243448,0.0,7382.047343918121,7319.679426521305,6703.75909335647,0.0,0.0,6230.927248745851,5387.5298744528445,6048.903298194678,0.0,0.0,58100.40649785272,39748.85716967082,37656.20740230587,50928.44013956119,50165.876538566896,47115.29708927005
Paraxanthine,0.0,0.0,56376.16159289549,0.0,0.0,0.0,0.0,0.0,0.0,0.0,62988.52921192407,47049.50490279917,62302.26282074934,0.0,0.0,0.0,57190.47604047214,0.0,56929.70452392389,0.0,0.0,79784.13209122288,0.0,0.0,61379.661512610815,54950.839381897335,50295.86980923628,46919.82570105916,60642.05290180282,55581.13480984518
alpha-Tocopherol acetate,17736.584573724787,16026.936763705282,16511.217217941234,21762.23865056324,21902.05423513563,15512.362109016463,0.0,7364.423079332758,10103.373602346795,9591.33092278098,7171.356620863078,0.0,2280.946568508771,2944.9359626043783,1966.9830808789152,2308.4639544203283,3172.628004011693,1963.4670763318757,2107.386018476376,0.0,3159.783269002166,2253.2705116583925,2961.060053566451,2190.1715338599165,24907.063286714085,13286.388010489203,14816.8184988527,14416.933284313816,16398.745232268397,15560.98022014692
N-Methylalanine,14863.710416701222,11933.575690518088,19387.74499222944,0.0,15860.055454680696,14641.726196749249,13588.96920922531,14350.270196217636,15172.537458558743,17167.45102656282,14112.729467768066,12985.854575420792,10647.447897885218,17200.21905388341,16380.140088465589,15906.6542119264,15256.814643395965,14239.956560725304,13996.68988117793,12094.392312091826,15108.574688289027,11915.652916505844,12329.43040860303,14618.438462402582,13974.053498768157,17147.74158536405,14567.687354189076,12918.55909526822,16680.024986487733,15649.614497281966
Ornithine,24005.60765822505,0.0,31401.60638357666,0.0,22345.67504719705,21817.281666524286,0.0,22598.91631288597,26313.877185092155,29736.93879006664,21249.552709145228,0.0,0.0,24889.792081653908,0.0,29025.30629272728,22279.148137605884,27937.24128376891,28156.203046801696,22118.432390073365,23271.34393287026,0.0,0.0,25919.600347544445,22092.69455467645,19514.44617868089,24087.144456603197,23781.76510761464,36923.39917743581,30912.620547115264
Glycine-betaxanthin,7564.686810068757,7171.663257213188,8082.956678534714,8380.251424988468,0.0,0.0,7981.693193970015,7090.882783277654,5718.128005505737,6507.525671689344,6162.452067790278,7904.219689221205,7513.378522095522,9501.0529305569,7274.6991723062,7445.936017741065,8034.246047324656,8914.088102929514,6404.836060571143,9901.23816986468,10302.02995568527,7663.315515236237,8409.740253451922,5911.210707477074,6685.5234833413015,7891.491424965125,9157.727078753129,7118.6273880087965,7272.751903262976,7524.582287589036
Adenine,20625.39759525184,24533.34335195605,20350.276561229934,18076.51826202133,19501.78479019001,19823.46127225477,18992.36800112817,21764.69934734415,21024.53589985143,18210.64791124604,20684.966901018488,0.0,17421.59158235214,18732.93065297105,15691.9762471494,22840.178036881065,24998.76864904196,23364.92797749952,24335.561029765824,17640.973355201208,18478.2106967678,24466.567613611893,22619.938280827315,18686.595187543,19193.56814298111,24692.99898650938,23430.240918217707,18682.988746610976,22205.06331969091,19778.506667433696
Se-Methylselenocysteine,52343.88973696231,68367.91889473982,55673.59680556576,62072.38815428438,49576.12654611015,0.0,62400.55435348614,70126.44545968751,61983.0436786691,70847.68603645767,66345.27948693944,74841.8767542566,60002.7870736045,57923.86706616164,0.0,66826.56205072142,74907.49317651318,57297.19844140188,52350.887929990815,54431.343624361616,0.0,58241.16132180769,52331.70476694559,46479.16641659597,59662.80821375908,68473.66489705381,46957.35420684892,60163.81387576886,53682.72306986921,50884.51378865859
D-Galactose,17997.7415187647,27183.46423366879,0.0,24460.716137316394,15746.35315856361,21256.062213759356,7475.010130785567,9539.406812863248,10263.806146540624,10062.51798971426,9127.801448079395,8703.325230061682,3393.817399975941,2178.238408123798,3347.202280571529,2640.803172972355,4042.609830296575,2496.719979133435,4366.709536328629,3333.326270992445,2568.6904040632185,2570.898358704725,2867.4172996112693,0.0,17059.515794795465,19533.620242713438,24507.161801751357,18397.28976884503,19894.284236602085,21974.486863765032
Allolithocholic acid,19849.765478133533,20518.9125323981,15702.40721566524,18429.921296284123,17856.901068732484,16093.516566692551,7581.096295113917,6002.432523372006,6231.771544412575,6911.615236131515,8841.59937008935,6418.041087096913,2751.7655192539505,3085.5021380320068,2150.310521369929,2698.012138070791,1973.1685976452784,2401.447671942006,0.0,2388.97390870978,2642.0402445983304,2343.563291721749,2779.887316932847,3113.8520320220628,16717.542147234242,21757.517073464387,23174.60409146782,15820.044750215318,15180.702768396157,18914.307017159183
Homocitrulline,8872.76412231567,12837.123160724765,10906.308918236882,8329.624865888738,10341.92725357132,12564.67711209276,10954.404842394544,11395.89514041216,8443.188777267198,10304.746665714749,7561.133062294764,13517.130099895056,13902.50027621948,11592.895768224658,9495.466848903774,10758.7491922159,9651.530918221746,10090.661999931948,11059.594258811992,11408.505418665232,10640.602126755404,9321.135862410352,8673.793233827442,9560.305103760513,9881.26048473148,11216.342186091111,9900.18984276825,10533.209674232798,12570.025555404494,10451.81761419882
Histamine,81446.93589305258,73825.31411068753,69152.33461691205,67623.74880550729,85908.4081662326,77678.90811224573,86007.49675984912,99899.20415137574,95871.68156260248,75773.65693966368,65087.034251992045,0.0,76185.72871471313,86617.50459746459,63320.47669998848,69525.91515326733,68545.54450673764,74330.65409123004,88813.70797418948,0.0,70821.77999249863,75702.52687202983,77712.74088264222,60686.21790334661,74510.01612364048,77476.65576716849,84271.08051132828,66367.84749563746,66231.39138100404,68356.99870304827
Oxaluric acid,23605.426959968296,25085.522071792428,35125.80650236993,24338.08395458874,26800.72708386561,24295.424804567418,35050.413729043445,18664.63778638709,23326.90800603396,33535.7259825841,20424.04112038597,25429.513158273603,30943.766336621524,23837.25082160337,19177.16508179349,23275.54674636953,20425.423448363115,29273.86006562161,26146.22232260314,25376.839443656427,28428.665564181225,22085.08404440413,24157.413600620574,30081.601251809807,24873.722651849854,22972.635340855653,25574.507896485306,25776.649297298063,28917.936062259385,22543.684056017417
Butyrylcarnitine,30524.25783056052,0.0,0.0,34142.62903612323,28389.386811475903,0.0,27436.111173030997,30481.2110349338,0.0,20092.55674409181,29125.76839962469,31220.791733037346,26154.773402167764,0.0,0.0,22326.64459002841,28551.640270035703,30461.4296019078,26514.79845492036,28390.94222600246,25785.497314429613,30032.84468157548,22543.565035662647,0.0,23083.18930988121,21895.106339949118,33771.95326321957,33133.787208516325,27318.741741823524,37616.76975894902
Glycerophosphoinositol,40239.45482757177,55694.736344326426,28212.58283575751,36796.484613068846,51129.584121426655,37422.31440335484,39688.706188297765,34639.290929680115,28521.62439078369,48015.31226437607,34784.889066633084,38958.84016015923,42074.43962473683,45627.20056354736,39527.63670577733,32042.475733165025,40182.25563203889,27705.62809886342,0.0,31441.14465720601,34666.36829904588,34103.30870874544,37641.071802797705,50751.94152185746,30016.69637540088,32527.42460534565,39572.81920694374,37984.75931277433,38625.87260110877,37297.03717601216
Isovalerylcarnitine,0.0,54100.66378374086,68144.12471334882,84950.55044965682,40636.49053712886,67859.28488180734,66575.77241040407,0.0,61819.85998657632,64421.02633930019,76073.49770936521,76744.17409976367,74207.16886686465,85706.02458692525,0.0,83483.69414075732,80697.23319752367,0.0,74943.26876904361,78467.1735786582,0.0,0.0,69222.17974087736,70033.79293665424,89151.67229949267,66937.49885359299,55957.26106219288,62495.54114894384,82818.52770149037,97768.27450543514
Betaine aldehyde,0.0,0.0,0.0,0.0,0.0,9740.681466728076,0.0,0.0,9325.002357445594,0.0,0.0,0.0,0.0,0.0,0.0,0.0,0.0,0.0,0.0,0.0,0.0,2569.501027948512,0.0,3643.501483841897,9392.093837196224,9409.101529648771,9513.49862478996,8949.730418117535,8881.479446888616,6333.675733438384
Pyruvic acid,0.0,0.0,14663.790487555589,16811.63070575458,0.0,14432.234250104564,0.0,0.0,18449.694607908477,17169.2771230839,12637.928485628492,17590.465566186173,15182.653869672116,0.0,0.0,0.0,13213.546168161767,12905.952858564931,6509.117474149807,4029.112293260834,4977.414582510792,0.0,4064.457916629428,0.0,22028.23264140379,19515.89727370295,20450.751126493025,17861.703098153423,15638.248025516315,14221.37446267615
S-Adenosylmethionine,0.0,0.0,78720.0116010906,0.0,0.0,0.0,83287.8754169021,0.0,0.0,0.0,0.0,84509.09830437384,0.0,0.0,0.0,105591.65756536135,0.0,64502.56875611687,0.0,0.0,0.0,0.0,97639.26630986348,0.0,95489.65387428238,102008.454607337,68371.79172616833,72541.25347117594,73361.66871902831,106807.16130583944
Hypotaurine,0.0,0.0,15762.000645974886,17939.17073532731,18040.634181808397,15720.139152788624,0.0,16848.04402851204,14107.482300545676,13481.483183866843,14698.925990125665,13027.952573709015,11196.845586703826,17297.110951866987,14766.604529932283,15166.065494385975,16494.5220899753,17222.86720785359,12232.452356691068,13874.900075489482,12615.908240485958,16549.981392654587,13776.397908411423,17538.198914471795,13188.858829093177,16852.664715050843,10325.17213728327,13802.057119571104,10611.61967179088,14266.167309553342
Uracil,47760.724405334906,28237.335634762287,35383.71912684469,40122.11450942891,42096.08471377029,34733.58121337336,15605.993312299406,0.0,16086.432252655304,14910.137649256,17983.096842972598,14373.540116105813,7188.434184142469,6078.138984399288,4986.147217637678,6156.061562398957,5458.746934680044,0.0,7003.051791647685,5403.817763116876,6113.475999701175,6103.927208318338,0.0,4874.715935909599,32201.967627178277,35655.6142565316,43755.18071864786,31608.902598735025,28165.238951235304,40296.82500174552
L-Methionine,288797.46885510976,355646.5898374457,334733.2459117855,292336.5747721668,291376.6428550198,380520.25030509953,348087.75826679415,0.0,377083.9938562456,0.0,358630.43066122435,343451.107607717,0.0,287010.6371432829,336654.6863991039,328868.9054070464,306218.89170653705,277036.48017575784,293413.8413830798,374880.1179534653,404766.8620228261,315582.883759006,305823.2262091247,299576.2110232682,306225.3745698967,361764.9914769378,368199.1294617124,317033.24101207074,339503.3910664969,329678.90939976403
Selenomethionine,6691.485026155408,6694.577693981212,7548.610714473432,8050.26353527427,5453.227159504375,6455.404330174307,6932.765622881202,6658.555321739941,6260.436875019239,9187.889636454807,5345.193686602297,7516.078709146194,8014.05202067055,6858.362659335228,6831.004692335278,6793.933443500457,6327.911076387045,0.0,4745.641741990907,0.0,7079.4621588266855,6099.819308278111,7496.806045031296,0.0,7725.779406555857,5404.023270689062,8218.074623632036,5654.067141235778,6458.544048151535,6717.688982471513
myo-Inositol,24942.704692660165,26169.712334650696,33240.476761724305,29404.356932422164,32743.939882123163,26535.76709119453,18015.150352635825,17554.40113100299,17944.435694690597,15122.467577454088,17618.58104674757,18357.935182783986,4929.224872264728,4220.117372604504,4970.761687441537,3926.183204125313,3977.634454293323,5823.716156721578,5639.889123167228,5201.722457331167,4592.9921216844605,4937.569169291181,5790.672602767094,4710.293600483429,28692.540739200474,29941.89431256873,28337.09110888646,25354.276649445263,30371.480528621916,37497.51174473081
Cytidine,50220.37308426807,45368.50613536991,0.0,49604.69091097754,59557.5963567842,0.0,37605.75927650985,50104.91751228012,49465.80517702587,46864.88235711497,49180.458285676,42886.24576844133,54121.8174168765,50518.788733714064,50923.95059203137,45151.12799446456,45170.70070484682,52834.82309405881,56775.91658314798,47802.52693536547,41967.045022349404,38699.102303369866,42341.76568903043,42053.23221312202,48060.56910793129,45496.64262847108,45926.74490494452,39832.735185278005,60347.91328003038,53803.77460285283
L-Serine,129102.05781756432,101514.64427531844,110909.9470689046,131085.00848403366,127500.95144349444,104050.29189257955,168395.38981453975,205550.5519537574,0.0,169895.4968181516,155161.1132428875,181938.67349191805,191848.82483362308,310372.69198651874,232094.1725927635,228633.9252739561,195578.69795815303,212868.20132252472,233184.37194744183,0.0,0.0,249150.73589838552,268045.2162502643,272024.4858034758,121297.44604803604,116119.77235344132,84234.97416369212,126157.94684934536,134437.98180063497,119988.6134622196
delta-Tocopherol,0.0,0.0,0.0,21182.754569739915,14795.057962751414,0.0,0.0,0.0,22126.281614179192,23389.21989967985,21491.35003106325,0.0,0.0,20230.90695533394,23133.95498191366,23980.338688986387,21876.110019782605,18853.552930769994,22897.16670912033,0.0,0.0,23193.973546187062,0.0,0.0,23987.53390801765,21607.527790365173,28041.99103269888,22841.93829322197,17820.5989221219,24099.11638231723
Glucose 6-phosphate,0.0,5639.920204652798,4424.288532214172,6476.69463875269,5796.278948731439,5656.965204785985,5054.076329187342,5263.522072539551,5501.014685438219,5672.2467309287895,5813.906981369345,0.0,7052.922376256108,6531.707811942405,6649.519471575016,5390.456708755377,6588.278578869796,5663.664584972594,5311.46070209365,7090.584097397036,6848.674491990427,6116.704908656131,4567.863175263729,8369.949207308531,5347.659874952061,5200.978986317276,5917.743907655528,4860.551907268226,5965.757626311669,7085.763556740191
Norvaline,7871.379380068159,7427.841332427538,7741.853894984144,7842.105615335025,7889.21388877101,6157.877647914391,8034.190334403752,6565.681263713383,7377.818284293176,7502.592912614711,9881.692576385123,8161.768811413912,9962.859058347114,9832.004035992564,6247.8191977527,9085.560282851791,6445.220396774815,8027.189141971541,8025.986535706653,6966.310572570426,7209.362762929206,7831.8637956298,6456.056764638302,6977.375152197726,7504.6383782680605,7211.110920638409,7527.358402521275,5127.846211067947,5687.556478319794,6436.744564386045
L-Phosphoarginine,0.0,0.0,0.0,0.0,18856.392711568016,0.0,0.0,0.0,21760.433727501768,0.0,0.0,0.0,0.0,0.0,0.0,0.0,0.0,0.0,19636.53634208759,19439.42669290198,0.0,16670.212603284064,0.0,0.0,14702.917031954825,19554.45447540251,23489.47581008305,19465.030059891706,20173.788766659345,19072.02961552685
Glycineamideribotide,5281.837456964728,4144.522969991997,0.0,3915.4751178009183,0.0,3872.873846947796,3091.010569343616,4977.30433629097,5583.682966340774,4628.087221951222,4639.81085830149,4260.2122400458775,3506.8355140009785,4804.149487155274,4365.182612258976,3976.2202413843775,4129.23144563081,4151.941701011412,3965.6757551542896,4064.466872436608,3753.2984834562,3531.582622652391,3840.4792471051983,3175.148195300247,4401.655463844526,4806.9471660482295,4547.746818002042,3944.9342868432855,3632.230297980551,3541.417630557566
Coprocholic acid,134608.62699320572,142531.96379695876,193516.25824113816,155540.28288017414,183996.6769578028,171824.86961082372,195558.07303493703,220662.51138173288,226447.4097131399,156892.34965318794,169785.19649962444,186060.3442243619,202324.2818191087,156140.49733191117,118419.78186527928,164820.4361920376,0.0,123441.36141587804,179845.6072559342,212770.9806879464,172235.49034796373,145741.0950909742,0.0,163337.06107642368,161893.06279205516,188986.05259244068,169703.4588187529,154345.50010995445,165185.9213619423,177732.70186652394
Dopamine,7520.904330997902,6654.472150733452,5818.867422312544,7160.790201381891,8716.339121168152,9767.15023452501,8158.79020122633,7869.073864056384,6893.608216897706,5959.867923001285,9579.30128633626,7657.5015847622,7645.5984253102815,7725.342827937673,6991.24358232007,10131.035933144089,6935.230880892342,6477.9263580288925,8455.18496198807,5385.460649140409,6986.194465195351,6934.331019552289,5888.483844749524,5721.421250715014,8438.331905224379,9268.53452114373,7783.3789692653245,6407.288756659471,9095.623147921851,7960.589972255633
Tryptophanamide,0.0,71645.89550736862,67466.00772046593,0.0,64504.5359936027,84694.27732634686,70158.36627213717,0.0,78508.30032915335,0.0,83603.10481618108,76608.43126381756,85975.53458583567,0.0,62938.89290445765,60768.2479574006,59465.86802819126,59984.4389592048,73825.85928039165,0.0,76140.8047714292,70799.06520416662,0.0,0.0,84229.29415032636,71816.19032722145,73627.24478771286,97804.3485941493,60946.689349497385,61709.834619140354
Acetoacetyl-CoA,0.0,34259.868965475995,29559.768419896816,29933.022567919736,0.0,0.0,72251.63551713988,50239.12257108148,56192.20550857885,0.0,63238.78163188036,67108.2915260432,86791.66763456914,69765.10426517468,0.0,87048.26390391406,78223.31044063446,0.0,0.0,74116.79754213589,104405.77221871576,96078.63052120192,102152.89244696354,101813.55036330478,47594.507178790846,39308.7307897871,47562.808345552585,28967.121956280072,39751.90741421515,32634.27000763596
Malonyl-CoA,22031.98069898551,15370.43910637124,21895.980539957447,20689.627434832684,0.0,19652.93124560008,25156.250260041743,21748.574958890084,26445.67613859209,27090.341210482697,28228.502849299857,30972.993465854845,37690.553895549165,40753.8348563716,28207.61586932449,42289.933000374585,38649.046236121954,41394.716892127,36362.02720610213,37694.46941760625,45994.45553833852,46452.84422615141,0.0,44658.1914421523,21942.30385737476,16934.23146264568,26504.7128157589,22766.98353731699,28808.465506652272,24055.366715495595
Succinic anhydride,33570.92752228138,31923.63082156024,0.0,32103.39998267368,26387.68971939484,0.0,35845.99770000252,27612.13102604555,33510.38562936281,34069.658179362006,25564.029358532545,20205.513188163848,40708.066297169535,26048.85310030288,26806.346890500336,29952.910397756717,0.0,34887.1074991781,25444.46408782427,34018.979243957816,29874.82958910412,25213.77304369181,28127.96232035149,22931.02671088601,23678.68236713153,35264.08939104622,31233.45665344053,35567.629044212226,23173.38034614264,20556.72625466112
Dopamine quinone,3635.9723264317126,3268.796305372048,3740.9158152633,0.0,3894.236533800792,4211.231100911946,6847.128470295113,3990.412307940252,5091.480698271344,4670.198619186892,4274.2962069165205,4979.784295007174,4797.928147789834,4599.174416733951,4644.583435207899,5402.325842395534,5648.346076384255,4559.887917622869,4562.5333065014365,4110.94178210018,0.0,5875.944840480116,4400.430948890077,0.0,4274.464504638637,4486.082174291111,4712.573953010799,4276.972450007547,3587.562259714071,4973.3059461018765
Hydroxypropionic acid,15449.301868540562,14124.776714274012,12872.29059565963,13338.9921080826,16506.132468318177,12387.03572956102,10913.321407649944,12805.316427508604,17958.234122284444,11750.230030900862,13088.264164977174,11858.343825723408,14585.423259186684,14754.831871437556,0.0,0.0,11771.366961446109,11142.863890813514,14328.81575074715,12336.15549101986,0.0,16176.68282333239,13206.52136135719,13171.340632583802,15370.481852557508,15250.60262496714,10780.319718522123,11800.87287806438,12842.95827893071,18914.917986146484
L-Lactic acid,32315.2227383235,43083.905185420605,35560.1592536841,26654.225569292103,25178.326134459203,31879.052020027502,30375.460433743898,35127.34541134723,41033.79761165762,30961.584075071914,39993.33962597032,27789.24686140345,36048.25389238865,31534.484048546896,22014.961188218906,24109.482883170294,31602.631054582384,30966.92021708152,36747.42946281717,26591.06386915296,34520.8392338077,41964.99746824056,28514.47973522766,33018.8515813081,25602.907647887158,27541.28234580705,38353.58889227475,35630.80168474528,37117.328841595336,35795.25441233081
Neryl formate,28224.609295615683,17621.356524577703,27104.12857853577,23922.346577627035,18915.605955198746,15182.722353787767,30098.748156098936,22443.720693624087,22854.993896084983,18208.714061790568,31375.52094564821,18446.997942532176,19035.82335072142,21731.307594970767,22927.528849763574,23892.315516899307,19862.75584026825,23512.122035301163,19807.464219847625,22182.904299117872,17382.335607314453,20149.748823458307,24479.80421375533,19121.346618792,20156.901780950306,19454.295051137884,28122.486166521663,23584.527172347254,21386.60091747021,22716.823801038427
Alanyltryptophan,26153.120814528684,34935.62517027889,29518.737926131194,24266.932588300228,32577.47630939893,0.0,29259.448448235817,30957.41837160516,32421.20809185981,37007.69482330476,35148.10875780548,35561.66198929224,0.0,41274.43545542773,35042.03022369653,27565.03773042632,32429.21110835226,36232.16163035437,31506.988320010467,36795.37449804188,38757.07268664928,30223.26466020367,37098.842259671,0.0,35933.771994778566,24543.8893231337,35838.07156866357,32651.249897295944,30771.711288816747,31927.982103492646
gamma-Glutamylcysteine,29671.02070781073,30380.720151736903,0.0,20297.732408986347,29063.082485524024,21106.59916075219,0.0,0.0,38829.7057489018,24189.249391448426,23875.184061623044,34912.91345111156,23574.39181323897,0.0,0.0,31605.740447165277,21099.14887747705,24562.49199200156,32493.501871605156,28373.59831592579,33399.63623159604,22296.301326581204,0.0,36590.54017561241,27205.763025928136,24861.58727906544,28435.12520789225,22225.67437008591,31246.33027544988,35277.05795407978
Glucose 1-phosphate,56028.07256220541,73020.43028722928,79659.13400899428,78978.00488455014,69856.55770397563,63784.97345785367,57239.54710686315,72646.34770130894,68955.24567748385,68790.91411681163,0.0,72177.51237326139,0.0,79165.07150661443,60043.14656260752,51504.72520544171,65208.643070088656,75173.62833962782,61890.07245357594,77630.39517442715,67469.0814162582,62718.80455591539,92237.1682057044,73595.50961958864,61592.37378894698,62179.71762326951,66773.72502954736,90190.13276447884,88461.3963003345,82538.38804234086
L-Allothreonine,7918.973037600314,0.0,0.0,10300.415834599233,11756.723383637498,6780.024493876183,0.0,7522.414077211579,7024.660729042591,10590.515747185947,0.0,9256.31853203815,0.0,10176.015085403104,10919.138176024237,9421.348129291411,12417.687882892344,10971.672518541587,10794.51260584773,9435.903907126512,8174.792485246612,12057.54211700817,11039.48539783562,12891.805966734124,10516.249451460051,9375.21181047224,10255.731884044711,8431.494231664923,8478.741106951169,8278.562201547784
Pyridoxine,30793.857152672437,29068.396230684262,24684.293419129222,26411.256702259267,27888.92196476785,24996.592541108923,21219.40579241446,20666.72527486535,20152.878541756207,23026.38074778692,21535.55335028828,17876.529910686055,8064.92604106747,7096.748049238999,7489.340260090596,7584.477488575783,7515.709255038766,10544.620061336624,4201.515464656476,0.0,4185.510212899328,3662.243527477275,2578.275308622402,3815.527946848174,27885.631310640943,24443.884522100645,22380.031096352177,29157.19342900247,29887.532401305256,26245.96831954577
Ethyl acetoacetate,68463.56645807873,47987.35556948487,49488.9496112904,83536.78915432493,49158.40667489846,62892.62574570999,48081.54561512259,53583.66671921277,74966.04799772947,54963.07665705074,66374.71166672355,65811.71195311596,66449.7538703786,66814.85313287914,0.0,58420.50500686245,56524.01175686551,56512.17609960612,53875.7201607506,69661.19797450745,0.0,71818.9772731435,0.0,55849.02528849094,83061.54978172183,80035.00667809587,74178.928988669,87509.55085979962,69693.6858393061,57147.38248549142
Methylglyoxal,17984.761078189764,17928.652871905266,0.0,16510.45415517563,15799.216756445776,0.0,16449.60574031238,0.0,0.0,0.0,13737.01612315498,0.0,22601.35587488541,15087.654578069089,16432.908209305235,15939.170008244637,15341.18327577347,15915.034448833074,0.0,0.0,0.0,0.0,17549.77354951518,16865.614350212883,15353.636366761526,14983.636544724592,16416.636385904378,16203.076723828575,14178.454386494352,18463.2719332803
